https://content.homenetiol.com/640x480/9c26afddeb53428c8849fe3ff63a72a1.jpg,c
https://content.homenetiol.com/640x480/0cc8c7648af94f9c9ccd1ac8ffade7d6.jpg,c
https://content.homenetiol.com/640x480/0bd50c9caa3f42039aec865b09a46164.jpg,c
https://content.homenetiol.com/640x480/2c84326dbd0340f59cf1e730796b52c8.jpg,c
https://content.homenetiol.com/640x480/d571e1e6f83a4999a2e8f521a044f922.jpg,c
https://www.keyeshonda.com/images/detail/notfound-a.jpg,s
https://content.homenetiol.com/640x480/13e16286bb5344e193a1b70b92753933.jpg,c
https://content.homenetiol.com/640x480/10984ca0b58244d4a12720191b54663e.jpg,c
https://content.homenetiol.com/640x480/bb26942f19084712bc43339b16a23439.jpg,c
https://content.homenetiol.com/640x480/eb7d3c77961a4eabb7f6bf29676234c4.jpg,c
http://cdn-ds.com/stock/2020-Toyota-Corolla--La-Crescenta-CA/seo/AUL12054-JTDEBRBE4LJ004208/sz_41802/f1ee4ccbb1a08867048a00441be44602.jpg,c
https://content.homenetiol.com/640x480/f5e694f7298c493986b0918691bf3863.jpg,c
https://content.homenetiol.com/640x480/bb7323d58c6f44dd9142fdcd757404ae.jpg,c
https://content.homenetiol.com/640x480/186415f4b5bb419ca29b77d68fbcc33d.jpg,c
https://content.homenetiol.com/640x480/0cce3e3ef45845b4bf9140eac10cd65f.jpg,c
https://media.chromedata.com/MediaGallery/media/MzE2OTc5Xk1lZGlhIEdhbGxlcnk/yGSKGXowf2_PG21uJV1qOsP8lxDsCJHrdfsiD08lE6jhoetS7y3S_vrRWtdQJh084W6n-OUePH4/cc_2019HOC010016_03_640_BK.png,s
https://content.homenetiol.com/640x480/dce447dadbdd4b7d817764855e1d5694.jpg,c
https://content.homenetiol.com/640x480/ac2b787bea004ffbb743d5ff811a7137.jpg,c
https://content.homenetiol.com/640x480/896398dbd492443283a1ca599c0af13e.jpg,c
https://content.homenetiol.com/640x480/563fd73c69f74f7fa7985958f5ad9778.jpg,c
https://content.homenetiol.com/640x480/465f2785dc984ab49773874894ae1ca5.jpg,c
https://content.homenetiol.com/640x480/4f2273daa38641d6a7d2cda381784f02.jpg,c
https://content.homenetiol.com/640x480/c3662861320c4a57bd9974566f4d36f5.jpg,c
https://content.homenetiol.com/640x480/fbf1734c1d844e98b1e77fccafc42c00.jpg,c
https://content.homenetiol.com/640x480/5b45dd5e92db48fb9812a0bf3feb4f71.jpg,c
https://content.homenetiol.com/640x480/13e4da89fac942c783cba67ca5f8b27c.jpg,c
https://content.homenetiol.com/640x480/7912fe7bdca24f029abc2cd93c90361d.jpg,c
https://content.homenetiol.com/640x480/e6b839f557764028b08174b522a026f7.jpg,c
https://content.homenetiol.com/640x480/f021cd41ca914978bb545fa7546859d8.jpg,c
https://content.homenetiol.com/640x480/e470ca43b57d4e1d9202f9ade51fbd28.jpg,c
https://content.homenetiol.com/640x480/8f0875b76ba44f3ba8adcb20af4f0d1d.jpg,c
https://content.homenetiol.com/640x480/47c00daa7735458780e44f63de909f9d.jpg,c
https://content.homenetiol.com/640x480/a458b04d79b645d4bed2080e5cfc1d37.jpg,c
https://content.homenetiol.com/640x480/9dc4ad8655ab43efb088c656f82b6232.jpg,c
https://content.homenetiol.com/640x480/ec4c4687c9de4032b920f486e95d84e0.jpg,c
https://content.homenetiol.com/640x480/a3bdc067e46e4c81b5e73823e2911178.jpg,c
https://content.homenetiol.com/640x480/3b5307ecf5b14e3794bf1969480d0d0d.jpg,c
https://content.homenetiol.com/640x480/f55e352bf00e4fa5a312e238458c632c.jpg,c
https://content.homenetiol.com/640x480/8f475682d8714c6d92263e514f53d9da.jpg,c
https://content.homenetiol.com/640x480/7c892e6467c047b5a2e519b5ca839c6f.jpg,c
https://content.homenetiol.com/640x480/b8ebc18db4b2410f9e9fb7ecc82ede82.jpg,c
https://www.keyeshonda.com/images/detail/notfound-a.jpg,s
https://content.homenetiol.com/640x480/7d82ce039f204fb0a66e5b73de649a0c.jpg,c
https://content.homenetiol.com/640x480/daf6efcbe03d483dbd6e13b3d9726545.jpg,c
https://content.homenetiol.com/640x480/87d7928c33c24f179ce75c4b8e0eb23f.jpg,c
https://content.homenetiol.com/640x480/2178becf40624d759bdf429bc30b0232.jpg,c
https://content.homenetiol.com/640x480/075aa9032ca94b87ae67e83c6ff3d108.jpg,c
https://content.homenetiol.com/640x480/c61f3bdf4cca47feb2bfcc6181774627.jpg,c
https://content.homenetiol.com/640x480/a118b0360a6545e68f0084579e137a63.jpg,c
https://content.homenetiol.com/640x480/7a2b1544ff314ac0bbbe992892a6020c.jpg,c
https://content.homenetiol.com/640x480/a398ab2f147c41de88595fbcc762a882.jpg,c
https://content.homenetiol.com/640x480/80add8d52f1d490ca39f222350ad74d6.jpg,c
https://www.keyeshonda.com/images/detail/notfound-a.jpg,s
https://content.homenetiol.com/640x480/2818042ff4d0439d9f33073c00feba98.jpg,c
https://content.homenetiol.com/640x480/08e4dfbad1654e34af59c120b1c98cd0.jpg,c
https://content.homenetiol.com/640x480/560f8ca2d5594c3da839f9b19eaa5658.jpg,c
https://www.keyeshonda.com/images/detail/notfound-a.jpg,s
https://content.homenetiol.com/640x480/9ca743d4e18f41309d55f18011a3abce.jpg,c
https://content.homenetiol.com/640x480/d5ce816a851e47fe820c51733650a98d.jpg,c
https://content.homenetiol.com/640x480/e613f5ff4ee745f5b42d3cc4bf22d740.jpg,c
https://content.homenetiol.com/640x480/79a70c6150e94da7af555d3557f74cd4.jpg,c
https://content.homenetiol.com/640x480/792c4a03cc1d4d1a8466a1268d1be3f7.jpg,c
https://content.homenetiol.com/640x480/4f9cf70923f04c7bb73cb8d9149ed380.jpg,c
https://content.homenetiol.com/640x480/a8179e648f87426d9b8adf49358c178e.jpg,c
https://content.homenetiol.com/640x480/6c51981df59f4700ac8d6be0ae6f3b77.jpg,c
https://content.homenetiol.com/640x480/685375648da4429385db5ebe13e5d403.jpg,c
https://content.homenetiol.com/640x480/044f8a88289943bc95a6d7280c00d945.jpg,c
https://content.homenetiol.com/640x480/b00068a883cb482a90d986a73147b100.jpg,c
https://content.homenetiol.com/640x480/cf4f1c61444f41f6b3f708ad8883708f.jpg,c
https://content.homenetiol.com/640x480/78e1a7c8c2ab4e2e801d0e088c8a62aa.jpg,c
https://www.keyeshonda.com/images/detail/notfound-a.jpg,s
https://content.homenetiol.com/640x480/345b94b62b3e4a7bbda581c4f6b8dddb.jpg,c
https://content.homenetiol.com/640x480/7a137964b7844db4a667da8a52bd79dc.jpg,c
https://content.homenetiol.com/640x480/c3dc7b12bed64a7592003764474a0880.jpg,c
https://content.homenetiol.com/640x480/c53dffa75b9f44d2bfa34e4b720e50a3.jpg,c
https://content.homenetiol.com/640x480/bc80e2d368614f2bb4bfa265c80cbdb9.jpg,c
https://content.homenetiol.com/640x480/3e15b61fe180493f9d145178949a67f2.jpg,c
https://content.homenetiol.com/640x480/b76e6cfdf40e444eb9747b0b369debfe.jpg,c
https://www.keyeshonda.com/images/detail/notfound-a.jpg,s
https://content.homenetiol.com/640x480/383e0cce1b3a457bac4014a36fed809e.jpg,c
https://content.homenetiol.com/640x480/73f4cd0dd7a04873bf3f205f39238295.jpg,c
https://www.keyeshonda.com/images/detail/notfound-a.jpg,s
https://content.homenetiol.com/640x480/49131f32dc344765a52ae4f8251fbe35.jpg,c
https://www.keyeshonda.com/images/detail/notfound-a.jpg,s
https://content.homenetiol.com/640x480/a4471727b3d44c37a5785a1fc6380708.jpg,c
https://content.homenetiol.com/640x480/fbafd9e1354843f587463f65d9b0fffb.jpg,c
https://content.homenetiol.com/640x480/ae1cbc87947c49ec92b52eaac974e0e5.jpg,c
https://www.keyeshonda.com/images/detail/notfound-a.jpg,s
https://content.homenetiol.com/640x480/ec53afc4a0d0470a9e10c8410a598f13.jpg,c
https://content.homenetiol.com/640x480/f443ce73719041d4a77df407127f9a2e.jpg,c
https://content.homenetiol.com/640x480/9a5d8223a78543c890ecc6db5513b538.jpg,c
https://content.homenetiol.com/640x480/fea9c16e70944ae68badd9547bf4557a.jpg,c
https://content.homenetiol.com/640x480/5a26aa3fad84492a8bef94a75c235e7d.jpg,c
https://content.homenetiol.com/640x480/e6424f1e55814affbc9e778bf3880697.jpg,c
https://content.homenetiol.com/640x480/bc8305cc429640b8a56ce2a97645002b.jpg,c
https://content.homenetiol.com/640x480/4c545ba8a768408b8f2afaaa66da27d2.jpg,c
https://content.homenetiol.com/640x480/ff794fdbda5c4e21ad2b6ce47969a324.jpg,c
https://www.keyeshonda.com/images/detail/notfound-a.jpg,s
https://content.homenetiol.com/640x480/2f60b8928c4946a08f4bb3d7419dc75d.jpg,c
https://www.keyeshonda.com/images/detail/notfound-a.jpg,s
https://content.homenetiol.com/640x480/a3db9a6ff8a04a09a041c9b71e415529.jpg,c
https://content.homenetiol.com/640x480/84380aa9073d4c92a2ad5a591891c33b.jpg,c
https://content.homenetiol.com/640x480/6e9f3ae5b0924d6f8117619701c5927e.jpg,c
https://content.homenetiol.com/640x480/722066bf22f249128ac65e0e1c4823d5.jpg,c
https://www.keyeshonda.com/images/detail/notfound-a.jpg,s
https://content.homenetiol.com/640x480/819ec73614a240ee82681fe9df6e0a33.jpg,c
https://content.homenetiol.com/640x480/68c8f63124f449f9b10e0f76d827b87e.jpg,c
https://content.homenetiol.com/640x480/eab6f5ea63564cd5b972e026564888ee.jpg,c
https://content.homenetiol.com/640x480/bf9e2cc302a94db8b572a974bf3f2ed8.jpg,c
https://www.keyeshonda.com/images/detail/notfound-a.jpg,s
https://content.homenetiol.com/640x480/21927e315d74462f891e2b93528681d7.jpg,c
https://www.keyeshonda.com/images/detail/notfound-a.jpg,s
https://www.keyeshonda.com/images/detail/notfound-a.jpg,s
https://www.keyeshonda.com/images/detail/notfound-a.jpg,s
https://content.homenetiol.com/640x480/5439e46acf0a48fc983a36cd4d0891fa.jpg,c
https://content.homenetiol.com/640x480/25aa77f3e736476f9a96fa7c19e742a1.jpg,c
https://content.homenetiol.com/640x480/1ce019862caf4745907d2520c1f07f60.jpg,c
https://content.homenetiol.com/640x480/3afbbb378e274ffdb86383af8694441d.jpg,c
https://content.homenetiol.com/640x480/36168aea84174d96ae9b3cff73d0395d.jpg,c
https://content.homenetiol.com/640x480/341c58d7e4f8440c88b543738843ca74.jpg,c
https://content.homenetiol.com/640x480/75b101664b1a47299b47808823026a47.jpg,c
https://content.homenetiol.com/640x480/914a022f74894f8db0b9eba5b8ca2543.jpg,c
https://content.homenetiol.com/640x480/df4b3b040e8d4de18ac71fbd5093c513.jpg,c
https://content.homenetiol.com/640x480/61b843ec9f74498ab64f2d4c8f571936.jpg,c
https://content.homenetiol.com/640x480/945382dd89be4ca4aa0bd30cec48b753.jpg,c
https://content.homenetiol.com/640x480/d3bd4c1287e545f29ef55cb66f84aac9.jpg,c
https://content.homenetiol.com/640x480/cdc29107ac084c2aa417a9a040172bd7.jpg,c
https://content.homenetiol.com/640x480/2bd5689d51f94bdf9509e394ebf618fa.jpg,c
https://content.homenetiol.com/640x480/e443397f4bd342c2b682caf2affb571a.jpg,c
https://content.homenetiol.com/640x480/a220da49cdeb437c93bf54810c80553d.jpg,c
https://content.homenetiol.com/640x480/0689a2983d6941338221193fcd71635b.jpg,c
https://content.homenetiol.com/640x480/ab041aa237504a01b9167d63d7adc7d8.jpg,c
https://content.homenetiol.com/640x480/e908f9634e0441f7945da96dfabf66a4.jpg,c
https://content.homenetiol.com/640x480/f6bfdda949244b9a822d596bc91323c4.jpg,c
https://content.homenetiol.com/640x480/90bc061454d54753b2367d9ae8f7af82.jpg,c
https://content.homenetiol.com/640x480/d94cf51e07bf47d481c93c087c34f0fa.jpg,c
https://content.homenetiol.com/640x480/709f8cbe6c064c95b0cdf5b6809f61e7.jpg,c
https://content.homenetiol.com/640x480/4b8d12a88fdc4db0991341673a2d9c80.jpg,c
https://www.keyeshonda.com/images/detail/notfound-a.jpg,s
https://www.keyeshonda.com/images/detail/notfound-a.jpg,s
https://content.homenetiol.com/640x480/892f051475d8469db25a26cc9300ac3b.jpg,c
https://content.homenetiol.com/640x480/64ac0837d4ba4262b39e93aaaa49ea3e.jpg,c
https://content.homenetiol.com/640x480/af35117a84164177a01d802780473c93.jpg,c
https://content.homenetiol.com/640x480/066643c687a74667a17961e87170a44b.jpg,c
https://content.homenetiol.com/640x480/2600da7c76294386b9bfe527508d0212.jpg,c
https://content.homenetiol.com/640x480/b26365737c5a470f954931c312987906.jpg,c
https://content.homenetiol.com/640x480/5aad62d6edfb45a981e00f0f09197a35.jpg,c
https://content.homenetiol.com/640x480/111d38289ce3413099d6c09090525522.jpg,c
https://content.homenetiol.com/640x480/34a4994f82f149b5b4aa25d3868179df.jpg,c
http://cdn-ds.com/stock/2020-Toyota-Corolla--La-Crescenta-CA/seo/AUL12054-JTDEBRBE4LJ004208/sz_41802/f1ee4ccbb1a08867048a00441be44602.jpg,c
http://cdn-ds.com/stock/2016-Toyota-Prius-Three-Touring-La-Crescenta-CA/seo/AUL12054-JTDKARFU9G3513597/sz_50138/2df9e96823033f7b5b734ab480e310b1.jpg,c
http://cdn-ds.com/evox/2019-Toyota-Camry--La-Crescenta-CA/seo/color_0640_001/13270/13270_cc0640_001_1J9.jpg,s
http://cdn-ds.com/stock/2019-Toyota-RAV4-LE-La-Crescenta-CA/seo/AUL12054-JTMK1RFV5KJ007021/sz_48609/a5652ffe9adc407d463ac8f9d347e1a9.jpg,c
https://pictures.dealer.com/a/ammausandsoncllc/0357/e5f6b8faaf0d9f45139815567b113d1ax.jpg,c
https://pictures.dealer.com/a/ammausandsoncllc/0680/cb252530a3e0aa360ed221fde19e0322x.jpg,c
https://images.dealer.com/autodata/us/large_stockphoto/2016/USC60JES042B0.jpg,s
https://pictures.dealer.com/a/ammausandsoncllc/1688/1e82f85f90d52a27e0205eda96bb0b22x.jpg,c
https://pictures.dealer.com/a/ammausandsoncllc/1083/ded63605686524d921fb0b8523367058x.jpg,c
https://pictures.dealer.com/a/ammausandsoncllc/0548/aa50184623a8aeaa6837e136e1ce0e74x.jpg,c
https://images.dealer.com/autodata/us/large_stockphoto-color/2019/USC90RMT136A0/PW7.jpg,s
https://pictures.dealer.com/a/ammausandsoncllc/1797/19638eb81d68fab7917a99cd4ac1d54ax.jpg,c
https://inventory-dmg.assets-cdk.com/2/5/5/19625813552.jpg,c
https://inventory-dmg.assets-cdk.com/efc/LEX/1006251/1003307/exterior/1/3256_2936_JPG/8fda8c4.jpg,s
https://inventory-dmg.assets-cdk.com/5/1/5/19607085515.jpg,c
https://inventory-dmg.assets-cdk.com/5/4/8/19607069845.jpg,c
https://inventory-dmg.assets-cdk.com/efc/LEX/1006251/1003303/Exterior/1/3256_2936_JPG/6102a90.jpg,s
https://inventory-dmg.assets-cdk.com/7/4/9/18643184947.jpg,c
https://inventory-dmg.assets-cdk.com/efc/LEX/1006251/1003307/exterior/1/3256_2936_JPG/7809f51.jpg,s
https://inventory-dmg.assets-cdk.com/3/1/0/18784066013.jpg,c
https://media-dmg.assets-cdk.com/websites/5.0.4234-211/websitesEar/websitesWebApp/css/common/images/en_US/noImage_large.png,s
https://inventory-dmg.assets-cdk.com/7/7/8/19429613877.jpg,c
https://inventory-dmg.assets-cdk.com/efc/LEX/1006251/1003303/Exterior/1/3256_2936_JPG/7c00ee5.jpg,s
https://inventory-dmg.assets-cdk.com/efc/LEX/1006251/1003303/Exterior/1/3256_2936_JPG/f064154.jpg,s
https://inventory-dmg.assets-cdk.com/2/1/2/19505509212.jpg,c
https://inventory-dmg.assets-cdk.com/1/6/5/18784107561.jpg,c
https://inventory-dmg.assets-cdk.com/efc/LEX/1006251/1003307/exterior/1/3256_2936_JPG/34d71d2.jpg,s
https://inventory-dmg.assets-cdk.com/4/0/7/19755078704.jpg,c
https://inventory-dmg.assets-cdk.com/2/1/8/19313874812.jpg,c
https://inventory-dmg.assets-cdk.com/efc/LEX/1006251/1003309/Exterior/1/3256_2936_JPG/f8d8f15.jpg,s
https://inventory-dmg.assets-cdk.com/9/9/9/18261814999.jpg,c
https://inventory-dmg.assets-cdk.com/1/2/3/19671859321.jpg,c
https://inventory-dmg.assets-cdk.com/6/5/4/19054979456.jpg,c
https://inventory-dmg.assets-cdk.com/0/3/8/18975392830.jpg,c
https://inventory-dmg.assets-cdk.com/efc/LEX/1006251/1003311/Exterior/1/3256_2936_JPG/0fa6250.jpg,s
https://inventory-dmg.assets-cdk.com/efc/LEX/1006251/1003304/Exterior/1/3256_2936_JPG/a35c542.jpg,s
https://inventory-dmg.assets-cdk.com/4/4/0/19429565044.jpg,c
https://inventory-dmg.assets-cdk.com/0/8/0/18784046080.jpg,c
https://inventory-dmg.assets-cdk.com/6/0/9/19070653906.jpg,c
https://inventory-dmg.assets-cdk.com/efc/LEX/1006251/1003307/exterior/1/3256_2936_JPG/34d71d2.jpg,s
https://inventory-dmg.assets-cdk.com/efc/LEX/1006251/1003303/Exterior/1/3256_2936_JPG/275f208.jpg,s
https://inventory-dmg.assets-cdk.com/7/9/8/19429513897.jpg,c
https://inventory-dmg.assets-cdk.com/9/2/6/19798789629.jpg,c
https://inventory-dmg.assets-cdk.com/9/5/9/19639564959.jpg,c
https://inventory-dmg.assets-cdk.com/5/4/4/18261812445.jpg,c
https://inventory-dmg.assets-cdk.com/efc/LEX/1006251/1003307/exterior/1/3256_2936_JPG/59fcc19.jpg,s
https://inventory-dmg.assets-cdk.com/efc/LEX/1006251/1003309/Exterior/1/3256_2936_JPG/b3d8a7c.jpg,s
https://inventory-dmg.assets-cdk.com/1/9/8/18064967891.jpg,c
https://inventory-dmg.assets-cdk.com/efc/LEX/1006251/1003307/exterior/1/3256_2936_JPG/7809f51.jpg,s
https://inventory-dmg.assets-cdk.com/efc/LEX/1005726/1003311/Exterior/1/3256_2936_JPG/3e3cbed.jpg,s
https://inventory-dmg.assets-cdk.com/4/8/4/18483164484.jpg,c