https://pictures.dealer.com/a/ammausandsoncllc/0770/5cf151b3889bae1c6d6f337bbfb22b40x.jpg,c
https://pictures.dealer.com/a/ammausandsoncllc/1188/8653deec653522afe9edea70e7d64666x.jpg,c
https://pictures.dealer.com/a/ammausandsoncllc/0664/053165a12eef86a3716f973024b1e395x.jpg,c
https://pictures.dealer.com/a/ammausandsoncllc/0703/ad95268cfaa6d5e2d942036a1300e9d0x.jpg,c
https://pictures.dealer.com/a/ammausandsoncllc/0651/e3e86e8be5ad442f44fe1850e53cf53dx.jpg,c
https://pictures.dealer.com/a/ammausandsoncllc/0695/23307a6fb10441e120971cb4cfaa74e8x.jpg,c
https://images.dealer.com/autodata/us/large_stockphoto-color/2019/USC90RMT125A0/PW7.jpg,s
https://pictures.dealer.com/a/ammausandsoncllc/1546/a8c5bf0694ae409d6c90533f6908db4bx.jpg,c
https://pictures.dealer.com/a/ammausandsoncllc/0795/34097c0500d957146a28a2d84d3fe93fx.jpg,c
https://pictures.dealer.com/a/ammausandsoncllc/1563/7b5629b81eb866490a0bae48dca963aax.jpg,c
https://pictures.dealer.com/a/ammausandsoncllc/1970/5e6aa8a076398708228ca4d59cc02252x.jpg,c
https://pictures.dealer.com/a/ammausandsoncllc/1014/0ffb13354adf1793efcbcdb779f169b0x.jpg,c
https://pictures.dealer.com/a/ammausandsoncllc/1508/51507d5478e984712f59540a55f66f2ex.jpg,c
https://pictures.dealer.com/a/ammausandsoncllc/0484/698dcb29c07cf1a1aa3731cec9600ea9x.jpg,c
https://pictures.dealer.com/a/ammausandsoncllc/0766/fd366dd16115e3b6e06772f79128b428x.jpg,c
https://pictures.dealer.com/a/ammausandsoncllc/1908/8ca0aa6aa10d3a89f18a63da9629e0f4x.jpg,c
https://pictures.dealer.com/a/ammausandsoncllc/1428/1fd6dfe552f4c19a6ba0f6cb244a1945x.jpg,c
https://images.dealer.com/autodata/us/large_stockphoto-color/2019/USC90RMT146A0/PW7.jpg,s
https://pictures.dealer.com/a/ammausandsoncllc/1108/579f9041a7587e7f4413b8861e43cd41x.jpg,c
https://pictures.dealer.com/a/ammausandsoncllc/1226/73b610d79b372feccc225c103ecd0856x.jpg,c
https://pictures.dealer.com/a/ammausandsoncllc/0653/b82ca4326d5ee08ef532dd7df159f912x.jpg,c
https://pictures.dealer.com/a/ammausandsoncllc/1820/f539eeddef38c5e41f5f42218f5493fbx.jpg,c
https://pictures.dealer.com/a/ammausandsoncllc/0225/6527376f84440104d75a8fbb11d8733ex.jpg,c
https://pictures.dealer.com/a/ammausandsoncllc/1206/3be74b6699c80a9712dc3e3e534d300dx.jpg,c
https://pictures.dealer.com/a/ammausandsoncllc/0210/e2fad3150a805851b4f20625e4928744x.jpg,c
https://pictures.dealer.com/a/ammausandsoncllc/0493/a30563bedfb9d4fa1f26157847f596d2x.jpg,c
https://pictures.dealer.com/a/ammausandsoncllc/0617/ff940c14545f935604eabf646c41e37fx.jpg,c
https://pictures.dealer.com/a/ammausandsoncllc/1377/8cf8c813cee5eb9f5a70e9dedb63f94ax.jpg,c
https://pictures.dealer.com/a/ammausandsoncllc/0105/f2033514a9106506b9e37b44ab350142x.jpg,c
https://pictures.dealer.com/a/ammausandsoncllc/0388/9800e3c892c021706796f3e02794c003x.jpg,c
https://pictures.dealer.com/a/ammausandsoncllc/1683/9d261f9e5891d5fdc469ce841835649cx.jpg,c
https://images.dealer.com/autodata/us/large_stockphoto/2019/USC90JES152C0.jpg,s
https://pictures.dealer.com/a/ammausandsoncllc/0291/c395a3481ee160bb0e20a1b8a21eb41fx.jpg,c
https://pictures.dealer.com/a/ammausandsoncllc/1799/c2c452650021bdce3d8950f8bfcbf777x.jpg,c
https://images.dealer.com/autodata/us/large_stockphoto-color/2019/USC90RMT11CD0/PAU.jpg,s
https://images.dealer.com/autodata/us/large_stockphoto-color/2019/USC90JES042D0/PRC.jpg,s
https://pictures.dealer.com/a/ammausandsoncllc/0716/7bb27f09ea15cc2557df8fd7cdae0297x.jpg,c
https://pictures.dealer.com/a/ammausandsoncllc/1698/9f3e529820e412ab82e764671caa2d93x.jpg,c
https://pictures.dealer.com/a/ammausandsoncllc/1348/2d642ef10ffc856a258741ed47aa410bx.jpg,c
https://pictures.dealer.com/a/ammausandsoncllc/1635/d2befc2233c636d9d5fef6392235bb11x.jpg,c
https://pictures.dealer.com/a/ammausandsoncllc/1020/cd7ca11676e9de855c1cedb6c50963a3x.jpg,c
https://pictures.dealer.com/a/ammausandsoncllc/0270/dfd7c0d8bf4cf545c72b3157472105dfx.jpg,c
https://pictures.dealer.com/a/ammausandsoncllc/1764/dee979b6c633617878c55f0bd6d8d2fbx.jpg,c
https://pictures.dealer.com/a/ammausandsoncllc/0617/9c7466fcfb64fe51de5a3de192879576x.jpg,c
https://pictures.dealer.com/a/ammausandsoncllc/0870/8ad9f496b15b71a45a676fc00761c3b5x.jpg,c
https://pictures.dealer.com/a/ammausandsoncllc/0327/eddded92822cf6f85c0fcd47e238f27fx.jpg,c
https://pictures.dealer.com/a/ammausandsoncllc/0922/faa68b2649d5a8b1267bb9e9af618391x.jpg,c
https://pictures.dealer.com/a/ammausandsoncllc/1184/aff000406d57ebacb087b8c0842f0e9cx.jpg,c
https://pictures.dealer.com/a/ammausandsoncllc/1033/f8739cec6f796e3658783f73961bacf0x.jpg,c
https://pictures.dealer.com/a/ammausandsoncllc/0211/3602fe94545d011904e32f0437df2860x.jpg,c
https://pictures.dealer.com/a/ammausandsoncllc/1661/259e6eb8127404f18e97071d9e129337x.jpg,c
https://pictures.dealer.com/a/ammausandsoncllc/0709/25794eab50ebaa2173a181bc4aee9a34x.jpg,c
https://pictures.dealer.com/a/ammausandsoncllc/1466/0bbc81a72d3cc23220aa9ca5578a5a1ax.jpg,c
https://pictures.dealer.com/a/ammausandsoncllc/1845/5bbc2c12581756336105f7ab0e036265x.jpg,c
https://pictures.dealer.com/a/ammausandsoncllc/0530/f1d80677f2ee03d7ea60dffbe165f9fcx.jpg,c
https://pictures.dealer.com/a/ammausandsoncllc/0508/a7da2961d5a87be1fec2df663592f6b5x.jpg,c
https://pictures.dealer.com/a/ammausandsoncllc/0910/b99873a31ebe5535d182d5dcb1484015x.jpg,c
https://pictures.dealer.com/a/ammausandsoncllc/0762/5c57b8eee11c1f957109547b20b04f9ex.jpg,c
https://pictures.dealer.com/a/ammausandsoncllc/1155/9a7297fc41e60b6b81a437d41c9635ebx.jpg,c
https://pictures.dealer.com/a/ammausandsoncllc/1052/dea1bac3bb8e35aa2a48ddda27b5f19bx.jpg,c
https://pictures.dealer.com/a/ammausandsoncllc/0964/37009e1d3945b6f8b19dcd99f86935cex.jpg,c
https://pictures.dealer.com/a/ammausandsoncllc/1083/d90cb8598cf1aee0b834460a9a36781bx.jpg,c
https://pictures.dealer.com/a/ammausandsoncllc/0224/6bc5a58c59b3b649880f1c571563ee33x.jpg,c
https://pictures.dealer.com/a/ammausandsoncllc/1466/abcbcdded8a8e002862195a4c38f456ax.jpg,c
https://pictures.dealer.com/a/ammausandsoncllc/1202/122c2d75f58fa11c98430d0c09b6fb16x.jpg,c
https://pictures.dealer.com/a/ammausandsoncllc/0821/315b3a89a1aa274c1faf6c04aa4d56fbx.jpg,c
https://pictures.dealer.com/a/ammausandsoncllc/0446/940f7e4e07a29be3e4ccdf25de98051fx.jpg,c
https://images.dealer.com/autodata/us/large_stockphoto-color/2019/USC90RMT134C0/PW7.jpg,s
https://pictures.dealer.com/a/ammausandsoncllc/1817/951a3399b1cd3aafafdc5bec346b8e1ax.jpg,c
https://pictures.dealer.com/a/ammausandsoncllc/1091/fd8d70408a8d0787f3dcd90d385300e4x.jpg,c
https://pictures.dealer.com/a/ammausandsoncllc/1644/bd637a3174c7631742c72d546339ed2ax.jpg,c
https://pictures.dealer.com/a/ammausandsoncllc/1277/0b9cdb1629fa9064eaf0e4ff5ffb81edx.jpg,c
https://pictures.dealer.com/a/ammausandsoncllc/0777/348670230561df2c5799b6620fddb587x.jpg,c
https://pictures.dealer.com/a/ammausandsoncllc/1261/061a3350f31e2b47784906ee5821584dx.jpg,c
https://pictures.dealer.com/a/ammausandsoncllc/0556/71d88c39afa5997d0436ca396d78568ex.jpg,c
https://pictures.dealer.com/a/ammausandsoncllc/0585/a8070e3a0a3c69eda068a7cf200fc72cx.jpg,c
https://images.dealer.com/autodata/us/large_stockphoto-color/2019/USC90CRV091E0/PRV.jpg,s
https://pictures.dealer.com/a/ammausandsoncllc/0371/5faf4c4a1da2e6073c527484db24203ex.jpg,c
https://pictures.dealer.com/a/ammausandsoncllc/0712/9eb64d63caf05ce0a0820978f9e54b35x.jpg,c
https://pictures.dealer.com/a/ammausandsoncllc/0604/6388f9b91b686c66f30a7793d56f837bx.jpg,c
https://pictures.dealer.com/a/ammausandsoncllc/1236/8bedc27de1145baeca27f0500bb68975x.jpg,c
https://pictures.dealer.com/a/ammausandsoncllc/1797/6e4fbf0d5e8f9648432e7cda78ec767bx.jpg,c
https://images.dealer.com/autodata/us/large_stockphoto-color/2020/USD00JET051C0/PRC.jpg,s
https://pictures.dealer.com/a/ammausandsoncllc/0448/b33f02eb3664bb1de336929e6a1776b2x.jpg,c
https://pictures.dealer.com/a/ammausandsoncllc/1916/bd861bf2bed99a9918434f1b44c9bd46x.jpg,c
https://pictures.dealer.com/a/ammausandsoncllc/0237/aef348abc14263efe3dacd88a51c32c3x.jpg,c
https://pictures.dealer.com/a/ammausandsoncllc/1724/0b52722a3d8eea97ab364c3dc0bde1c2x.jpg,c
https://pictures.dealer.com/a/ammausandsoncllc/1090/265aa2f90f82b003a8253d7e26be8b77x.jpg,c
https://pictures.dealer.com/a/ammausandsoncllc/1842/b63e8b968f826eca5fe112611c645942x.jpg,c
https://inventory-dmg.assets-cdk.com/2/2/1/19766037122.jpg,c
https://inventory-dmg.assets-cdk.com/8/1/2/19005125218.jpg,c
https://inventory-dmg.assets-cdk.com/9/1/4/19688452419.jpg,c
https://inventory-dmg.assets-cdk.com/efc/LEX/1006251/1003307/exterior/1/3256_2936_JPG/fdf7ed4.jpg,s
https://inventory-dmg.assets-cdk.com/2/2/9/19187785922.jpg,c
https://inventory-dmg.assets-cdk.com/8/8/2/19625890288.jpg,c
https://inventory-dmg.assets-cdk.com/5/9/8/19532238895.jpg,c
https://inventory-dmg.assets-cdk.com/efc/LEX/1006251/1002429/Exterior/1/3256_2936_JPG/03d7c04.jpg,s
https://inventory-dmg.assets-cdk.com/efc/LEX/1006251/1003307/exterior/1/3256_2936_JPG/2b6872a.jpg,s
https://inventory-dmg.assets-cdk.com/efc/LEX/1006251/1003303/Exterior/1/3256_2936_JPG/4488481.jpg,s
https://inventory-dmg.assets-cdk.com/1/8/5/19290257581.jpg,c
https://inventory-dmg.assets-cdk.com/1/7/0/19811392071.jpg,c
https://inventory-dmg.assets-cdk.com/2/0/0/19505507002.jpg,c
https://inventory-dmg.assets-cdk.com/6/4/6/19766038646.jpg,c
https://inventory-dmg.assets-cdk.com/efc/LEX/1006251/1003298/Exterior/1/3256_2936_JPG/25426f6.jpg,s
https://inventory-dmg.assets-cdk.com/6/8/4/18164074486.jpg,c
https://inventory-dmg.assets-cdk.com/5/8/2/18111557285.jpg,c
https://inventory-dmg.assets-cdk.com/1/2/4/19625848421.jpg,c
https://inventory-dmg.assets-cdk.com/6/2/3/19603840326.jpg,c
https://inventory-dmg.assets-cdk.com/1/0/0/18643171001.jpg,c
https://inventory-dmg.assets-cdk.com/6/1/3/19290251316.jpg,c
https://inventory-dmg.assets-cdk.com/efc/LEX/1006251/1003303/Exterior/1/3256_2936_JPG/3739e6e.jpg,s
https://inventory-dmg.assets-cdk.com/efc/LEX/1006251/1003314/exterior/1/3256_2936_JPG/d632ce7.jpg,s
https://inventory-dmg.assets-cdk.com/2/6/4/19421106462.jpg,c
https://inventory-dmg.assets-cdk.com/5/2/2/19179090225.jpg,c
https://inventory-dmg.assets-cdk.com/2/4/0/19532201042.jpg,c
https://inventory-dmg.assets-cdk.com/efc/LEX/1006251/1003304/Exterior/1/3256_2936_JPG/e09fdc3.jpg,s
https://inventory-dmg.assets-cdk.com/3/8/8/18275258883.jpg,c
https://inventory-dmg.assets-cdk.com/efc/LEX/1006251/1003311/Exterior/1/3256_2936_JPG/4b16bb0.jpg,s
https://inventory-dmg.assets-cdk.com/4/6/5/19524600564.jpg,c
https://inventory-dmg.assets-cdk.com/efc/LEX/1006251/1003303/Exterior/1/3256_2936_JPG/8a39674.jpg,s
https://inventory-dmg.assets-cdk.com/efc/LEX/1006251/1003301/Exterior/1/3256_2936_JPG/172255b.jpg,s
https://inventory-dmg.assets-cdk.com/efc/LEX/1006251/1003304/Exterior/1/3256_2936_JPG/a9cb76e.jpg,s
https://inventory-dmg.assets-cdk.com/8/3/0/19532241038.jpg,c
https://inventory-dmg.assets-cdk.com/efc/LEX/1006251/1003304/Exterior/1/3256_2936_JPG/e09fdc3.jpg,s
https://inventory-dmg.assets-cdk.com/6/7/5/19625819576.jpg,c
https://inventory-dmg.assets-cdk.com/1/2/0/19798785021.jpg,c
https://inventory-dmg.assets-cdk.com/efc/LEX/1006251/1003303/Exterior/1/3256_2936_JPG/4488481.jpg,s
https://inventory-dmg.assets-cdk.com/efc/LEX/1006251/1003305/Exterior/1/3256_2936_JPG/c5ee598.jpg,s
https://inventory-dmg.assets-cdk.com/7/4/6/19070671647.jpg,c
https://inventory-dmg.assets-cdk.com/4/5/1/18643174154.jpg,c
https://inventory-dmg.assets-cdk.com/efc/LEX/1006251/1003311/Exterior/1/3256_2936_JPG/4cbfde3.jpg,s
https://inventory-dmg.assets-cdk.com/6/9/1/19070637196.jpg,c
https://inventory-dmg.assets-cdk.com/efc/LEX/1006251/1003305/Exterior/1/3256_2936_JPG/c5ee598.jpg,s
https://inventory-dmg.assets-cdk.com/efc/LEX/1006251/1002429/Exterior/1/3256_2936_JPG/5495176.jpg,s
https://inventory-dmg.assets-cdk.com/1/2/6/19070643621.jpg,c
https://inventory-dmg.assets-cdk.com/3/4/9/19394338943.jpg,c
https://inventory-dmg.assets-cdk.com/9/4/0/19070737049.jpg,c
https://inventory-dmg.assets-cdk.com/1/3/5/19798776531.jpg,c
https://inventory-dmg.assets-cdk.com/3/7/6/19429535673.jpg,c
https://inventory-dmg.assets-cdk.com/4/1/2/19804462214.jpg,c
https://inventory-dmg.assets-cdk.com/efc/LEX/1006251/1003311/Exterior/1/3256_2936_JPG/4cbfde3.jpg,s
https://inventory-dmg.assets-cdk.com/0/4/6/19804503640.jpg,c
https://inventory-dmg.assets-cdk.com/5/5/1/19801399155.jpg,c
https://inventory-dmg.assets-cdk.com/7/2/7/19187767727.jpg,c
https://inventory-dmg.assets-cdk.com/efc/LEX/1006251/1002429/Exterior/1/3256_2936_JPG/64d2a4f.jpg,s
https://inventory-dmg.assets-cdk.com/2/2/4/19290263422.jpg,c
https://inventory-dmg.assets-cdk.com/efc/LEX/1006251/1002429/Exterior/1/3256_2936_JPG/066b394.jpg,s
https://inventory-dmg.assets-cdk.com/9/2/4/19179208429.jpg,c
https://inventory-dmg.assets-cdk.com/5/9/3/19179075395.jpg,c
https://inventory-dmg.assets-cdk.com/efc/LEX/1006251/1006463/Exterior/1/3256_2936_JPG/28087bd.jpg,s
https://inventory-dmg.assets-cdk.com/efc/LEX/1006251/1003312/Exterior/1/3256_2936_JPG/3b41932.jpg,s
https://inventory-dmg.assets-cdk.com/6/6/6/18643233666.jpg,c
https://inventory-dmg.assets-cdk.com/2/9/1/17784233192.jpg,c
https://inventory-dmg.assets-cdk.com/2/8/5/19147845582.jpg,c
https://inventory-dmg.assets-cdk.com/8/9/4/19321958498.jpg,c
https://inventory-dmg.assets-cdk.com/6/5/2/19290283256.jpg,c
https://inventory-dmg.assets-cdk.com/efc/LEX/1006251/1003303/Exterior/1/3256_2936_JPG/036e0d1.jpg,s
https://inventory-dmg.assets-cdk.com/4/3/0/19607065034.jpg,c
https://inventory-dmg.assets-cdk.com/efc/LEX/1006251/1003307/exterior/1/3256_2936_JPG/cd7c954.jpg,s
https://inventory-dmg.assets-cdk.com/1/1/2/18702434211.jpg,c
https://inventory-dmg.assets-cdk.com/9/9/3/16922482399.jpg,c
https://inventory-dmg.assets-cdk.com/efc/LEX/1006251/1003303/Exterior/1/3256_2936_JPG/8838259.jpg,s
https://inventory-dmg.assets-cdk.com/efc/LEX/1006251/1003307/exterior/1/3256_2936_JPG/cd7c954.jpg,s
https://inventory-dmg.assets-cdk.com/efc/LEX/1006251/1003305/Exterior/1/3256_2936_JPG/742df36.jpg,s
https://inventory-dmg.assets-cdk.com/4/1/3/19081931314.jpg,c
https://inventory-dmg.assets-cdk.com/3/3/2/19179206233.jpg,c
https://inventory-dmg.assets-cdk.com/2/2/6/19505511622.jpg,c
https://inventory-dmg.assets-cdk.com/3/6/5/18643188563.jpg,c
https://inventory-dmg.assets-cdk.com/2/7/3/19659041372.jpg,c
https://inventory-dmg.assets-cdk.com/3/9/7/19541493793.jpg,c
https://inventory-dmg.assets-cdk.com/efc/LEX/1006251/1003309/Exterior/1/3256_2936_JPG/72c1d85.jpg,s
https://inventory-dmg.assets-cdk.com/5/7/7/18071853775.jpg,c
https://inventory-dmg.assets-cdk.com/4/6/0/19625843064.jpg,c
https://inventory-dmg.assets-cdk.com/9/2/4/19147825429.jpg,c
https://inventory-dmg.assets-cdk.com/1/9/0/19187756091.jpg,c
https://inventory-dmg.assets-cdk.com/5/8/9/19321944985.jpg,c
https://inventory-dmg.assets-cdk.com/9/7/6/18037774679.jpg,c
https://inventory-dmg.assets-cdk.com/efc/LEX/1006251/1003304/Exterior/1/3256_2936_JPG/7b1468e.jpg,s
https://inventory-dmg.assets-cdk.com/3/7/0/19290241073.jpg,c
https://inventory-dmg.assets-cdk.com/efc/LEX/1006251/1003304/Exterior/1/3256_2936_JPG/c5caf43.jpg,s
https://inventory-dmg.assets-cdk.com/efc/LEX/1006251/1003303/Exterior/1/3256_2936_JPG/5c2fd45.jpg,s
https://inventory-dmg.assets-cdk.com/3/5/1/19123437153.jpg,c
https://inventory-dmg.assets-cdk.com/efc/LEX/1006251/1003301/Exterior/1/3256_2936_JPG/897c6ce.jpg,s
https://inventory-dmg.assets-cdk.com/4/6/0/19429610064.jpg,c
https://inventory-dmg.assets-cdk.com/2/8/7/19299478782.jpg,c
https://inventory-dmg.assets-cdk.com/efc/LEX/1006251/1006449/Exterior/1/3256_2936_JPG/94e77e9.jpg,s
https://inventory-dmg.assets-cdk.com/efc/LEX/1006251/1003307/exterior/1/3256_2936_JPG/0870a62.jpg,s
https://inventory-dmg.assets-cdk.com/7/6/2/18412459267.jpg,c
https://inventory-dmg.assets-cdk.com/efc/LEX/1006251/1003311/Exterior/1/3256_2936_JPG/4b16bb0.jpg,s
https://inventory-dmg.assets-cdk.com/efc/LEX/1006251/1003307/exterior/1/3256_2936_JPG/d711bb7.jpg,s
https://inventory-dmg.assets-cdk.com/8/5/0/19801388058.jpg,c
https://inventory-dmg.assets-cdk.com/5/3/0/19179194035.jpg,c
https://inventory-dmg.assets-cdk.com/6/8/5/19070639586.jpg,c
https://inventory-dmg.assets-cdk.com/8/5/1/18596328158.jpg,c
https://inventory-dmg.assets-cdk.com/efc/LEX/1006251/1003303/Exterior/1/3256_2936_JPG/5c2fd45.jpg,s
https://inventory-dmg.assets-cdk.com/1/9/7/19671867791.jpg,c
https://inventory-dmg.assets-cdk.com/1/8/0/19070666081.jpg,c
https://inventory-dmg.assets-cdk.com/1/7/5/19147853571.jpg,c
https://inventory-dmg.assets-cdk.com/4/9/0/19429585094.jpg,c
https://inventory-dmg.assets-cdk.com/1/2/5/19375610521.jpg,c
https://inventory-dmg.assets-cdk.com/efc/LEX/1006251/1003304/Exterior/1/3256_2936_JPG/1735420.jpg,s
https://inventory-dmg.assets-cdk.com/8/8/2/18885223288.jpg,c
https://inventory-dmg.assets-cdk.com/2/4/0/17784240042.jpg,c
https://inventory-dmg.assets-cdk.com/1/8/9/19532234981.jpg,c
https://inventory-dmg.assets-cdk.com/7/2/8/19671868827.jpg,c
https://inventory-dmg.assets-cdk.com/efc/LEX/1006251/1003307/exterior/1/3256_2936_JPG/5cb7031.jpg,s
https://inventory-dmg.assets-cdk.com/2/1/0/19804390012.jpg,c
https://inventory-dmg.assets-cdk.com/3/1/2/19429592213.jpg,c
https://inventory-dmg.assets-cdk.com/efc/LEX/1006251/1003311/Exterior/1/3256_2936_JPG/afa2b40.jpg,s
https://inventory-dmg.assets-cdk.com/0/9/6/18554942690.jpg,c
https://inventory-dmg.assets-cdk.com/4/1/1/18643235114.jpg,c
https://inventory-dmg.assets-cdk.com/efc/LEX/1006251/1003307/exterior/1/3256_2936_JPG/0870a62.jpg,s
https://inventory-dmg.assets-cdk.com/6/2/8/19179154826.jpg,c
https://inventory-dmg.assets-cdk.com/0/7/0/19505510070.jpg,c
https://inventory-dmg.assets-cdk.com/1/4/5/18111552541.jpg,c
https://inventory-dmg.assets-cdk.com/3/8/7/18156975783.jpg,c
https://inventory-dmg.assets-cdk.com/efc/LEX/1006251/1003303/Exterior/1/3256_2936_JPG/4488481.jpg,s
https://inventory-dmg.assets-cdk.com/5/0/8/19659087805.jpg,c
https://inventory-dmg.assets-cdk.com/2/4/7/17600229742.jpg,c
https://inventory-dmg.assets-cdk.com/efc/LEX/1006251/1003304/Exterior/1/3256_2936_JPG/1735420.jpg,s
https://inventory-dmg.assets-cdk.com/0/3/6/19421110630.jpg,c
https://inventory-dmg.assets-cdk.com/efc/LEX/1006251/1003311/Exterior/1/3256_2936_JPG/b80c99e.jpg,s
https://inventory-dmg.assets-cdk.com/efc/LEX/1006251/1003303/Exterior/1/3256_2936_JPG/e7dcdbf.jpg,s
https://inventory-dmg.assets-cdk.com/efc/LEX/1006251/1006463/Exterior/1/3256_2936_JPG/8f1b944.jpg,s
https://inventory-dmg.assets-cdk.com/efc/LEX/1006251/1003304/Exterior/1/3256_2936_JPG/7b1468e.jpg,s
https://inventory-dmg.assets-cdk.com/efc/LEX/1006251/1003303/Exterior/1/3256_2936_JPG/e3e3fa7.jpg,s
https://inventory-dmg.assets-cdk.com/9/0/8/19603838809.jpg,c
https://inventory-dmg.assets-cdk.com/8/3/8/19804514838.jpg,c
https://inventory-dmg.assets-cdk.com/3/2/0/19804537023.jpg,c
https://inventory-dmg.assets-cdk.com/efc/LEX/1006251/1002429/Exterior/1/3256_2936_JPG/5495176.jpg,s
https://inventory-dmg.assets-cdk.com/1/6/8/19804384861.jpg,c
https://inventory-dmg.assets-cdk.com/2/0/0/18412464002.jpg,c
https://inventory-dmg.assets-cdk.com/1/4/9/18297938941.jpg,c
https://inventory-dmg.assets-cdk.com/0/4/2/19247765240.jpg,c
https://inventory-dmg.assets-cdk.com/0/7/5/19659103570.jpg,c
https://inventory-dmg.assets-cdk.com/3/0/8/19064115803.jpg,c
https://inventory-dmg.assets-cdk.com/efc/LEX/1006251/1003307/exterior/1/3256_2936_JPG/d711bb7.jpg,s
https://inventory-dmg.assets-cdk.com/efc/LEX/1006251/1003309/Exterior/1/3256_2936_JPG/72c1d85.jpg,s
https://inventory-dmg.assets-cdk.com/efc/LEX/1005726/1003305/Exterior/1/3256_2936_JPG/a9fbb22.jpg,s
https://inventory-dmg.assets-cdk.com/0/9/4/18275256490.jpg,c
https://inventory-dmg.assets-cdk.com/2/9/7/18730282792.jpg,c
https://inventory-dmg.assets-cdk.com/efc/LEX/1006251/1003304/Exterior/1/3256_2936_JPG/7b1468e.jpg,s
https://inventory-dmg.assets-cdk.com/4/8/1/18211465184.jpg,c
https://inventory-dmg.assets-cdk.com/efc/LEX/1006251/1003307/exterior/1/3256_2936_JPG/0870a62.jpg,s
https://inventory-dmg.assets-cdk.com/0/1/3/18515306310.jpg,c
https://inventory-dmg.assets-cdk.com/1/6/4/19532229461.jpg,c
https://inventory-dmg.assets-cdk.com/7/3/8/19070634837.jpg,c
https://inventory-dmg.assets-cdk.com/0/3/9/18410135930.jpg,c
https://inventory-dmg.assets-cdk.com/efc/LEX/1006251/1003303/Exterior/1/3256_2936_JPG/6bf6d12.jpg,s
https://inventory-dmg.assets-cdk.com/7/5/6/19541497657.jpg,c
https://inventory-dmg.assets-cdk.com/1/4/6/19811383641.jpg,c
https://inventory-dmg.assets-cdk.com/efc/LEX/1006251/1003307/exterior/1/3256_2936_JPG/cd7c954.jpg,s
https://inventory-dmg.assets-cdk.com/2/6/6/19002674662.jpg,c
https://inventory-dmg.assets-cdk.com/efc/LEX/1006251/1003307/exterior/1/3256_2936_JPG/5f10036.jpg,s
https://inventory-dmg.assets-cdk.com/efc/LEX/1006251/1003304/Exterior/1/3256_2936_JPG/5d3b3ea.jpg,s
https://inventory-dmg.assets-cdk.com/efc/LEX/1006251/1002429/Exterior/1/3256_2936_JPG/82963ad.jpg,s
https://inventory-dmg.assets-cdk.com/9/1/7/19429628719.jpg,c
https://inventory-dmg.assets-cdk.com/efc/LEX/1006251/1003307/exterior/1/3256_2936_JPG/2b6872a.jpg,s
https://inventory-dmg.assets-cdk.com/6/5/0/19487285056.jpg,c
https://inventory-dmg.assets-cdk.com/8/4/1/19607068148.jpg,c
https://inventory-dmg.assets-cdk.com/9/9/3/19639565399.jpg,c
https://inventory-dmg.assets-cdk.com/1/8/1/19070663181.jpg,c
https://inventory-dmg.assets-cdk.com/efc/LEX/1006251/1003311/Exterior/1/3256_2936_JPG/b80c99e.jpg,s
https://inventory-dmg.assets-cdk.com/7/0/4/19499484407.jpg,c
https://inventory-dmg.assets-cdk.com/4/7/8/17827924874.jpg,c
https://inventory-dmg.assets-cdk.com/4/4/1/18261814144.jpg,c
https://inventory-dmg.assets-cdk.com/efc/LEX/1006251/1003311/Exterior/1/3256_2936_JPG/4b16bb0.jpg,s
https://inventory-dmg.assets-cdk.com/efc/LEX/1006251/1003307/exterior/1/3256_2936_JPG/f985314.jpg,s
https://inventory-dmg.assets-cdk.com/efc/LEX/1006251/1003304/Exterior/1/3256_2936_JPG/e09fdc3.jpg,s
https://inventory-dmg.assets-cdk.com/1/1/0/19607073011.jpg,c
https://inventory-dmg.assets-cdk.com/efc/LEX/1006251/1003311/Exterior/1/3256_2936_JPG/4cbfde3.jpg,s
https://inventory-dmg.assets-cdk.com/3/4/4/19187766443.jpg,c
https://inventory-dmg.assets-cdk.com/7/7/2/18643184277.jpg,c
https://inventory-dmg.assets-cdk.com/0/2/8/19798768820.jpg,c
https://inventory-dmg.assets-cdk.com/1/1/4/19755079411.jpg,c
https://inventory-dmg.assets-cdk.com/efc/LEX/1006251/1003298/Exterior/1/3256_2936_JPG/0ef587a.jpg,s
https://inventory-dmg.assets-cdk.com/1/1/3/19755077311.jpg,c
https://inventory-dmg.assets-cdk.com/9/7/7/19179194779.jpg,c
https://inventory-dmg.assets-cdk.com/3/2/5/19801391523.jpg,c
https://inventory-dmg.assets-cdk.com/3/3/2/19524742233.jpg,c
https://inventory-dmg.assets-cdk.com/9/1/7/19671861719.jpg,c
https://inventory-dmg.assets-cdk.com/8/7/3/19688458378.jpg,c
https://inventory-dmg.assets-cdk.com/efc/LEX/1006251/1003304/Exterior/1/3256_2936_JPG/03d3cec.jpg,s
https://inventory-dmg.assets-cdk.com/efc/LEX/1006251/1003311/Exterior/1/3256_2936_JPG/40b6276.jpg,s
https://inventory-dmg.assets-cdk.com/efc/LEX/1006251/1003304/Exterior/1/3256_2936_JPG/c5caf43.jpg,s
https://inventory-dmg.assets-cdk.com/efc/LEX/1006251/1003307/exterior/1/3256_2936_JPG/2b6872a.jpg,s
https://inventory-dmg.assets-cdk.com/1/7/6/19639538671.jpg,c
https://inventory-dmg.assets-cdk.com/7/6/8/19766140867.jpg,c
https://inventory-dmg.assets-cdk.com/efc/LEX/1006251/1003301/Exterior/1/3256_2936_JPG/4697e1d.jpg,s
https://inventory-dmg.assets-cdk.com/8/2/6/19179198628.jpg,c
https://inventory-dmg.assets-cdk.com/8/7/2/19798787278.jpg,c
https://inventory-dmg.assets-cdk.com/2/7/9/18071835972.jpg,c
https://inventory-dmg.assets-cdk.com/9/8/4/19375605489.jpg,c
https://inventory-dmg.assets-cdk.com/2/9/6/18957157692.jpg,c
https://inventory-dmg.assets-cdk.com/9/1/5/19625825519.jpg,c
https://inventory-dmg.assets-cdk.com/9/3/3/19505507339.jpg,c
https://inventory-dmg.assets-cdk.com/efc/LEX/1006251/1003303/Exterior/1/3256_2936_JPG/5206b69.jpg,s
https://inventory-dmg.assets-cdk.com/6/1/9/19548388916.jpg,c
https://inventory-dmg.assets-cdk.com/efc/LEX/1006251/1003305/Exterior/1/3256_2936_JPG/767b1de.jpg,s
https://inventory-dmg.assets-cdk.com/8/7/8/19070737878.jpg,c
https://inventory-dmg.assets-cdk.com/6/1/7/19429556716.jpg,c
https://inventory-dmg.assets-cdk.com/8/1/6/18784080618.jpg,c
https://inventory-dmg.assets-cdk.com/7/2/7/19804541727.jpg,c
https://inventory-dmg.assets-cdk.com/efc/LEX/1006251/1003307/exterior/1/3256_2936_JPG/e6c2e63.jpg,s
https://inventory-dmg.assets-cdk.com/efc/LEX/1006251/1003305/Exterior/1/3256_2936_JPG/7b00466.jpg,s
https://inventory-dmg.assets-cdk.com/efc/LEX/1006251/1003303/Exterior/1/3256_2936_JPG/e7dcdbf.jpg,s
https://inventory-dmg.assets-cdk.com/efc/LEX/1006251/1003311/Exterior/1/3256_2936_JPG/abde25c.jpg,s
https://inventory-dmg.assets-cdk.com/efc/LEX/1006251/1003307/exterior/1/3256_2936_JPG/0870a62.jpg,s
https://inventory-dmg.assets-cdk.com/8/2/2/19366983228.jpg,c
https://inventory-dmg.assets-cdk.com/3/3/6/19361184633.jpg,c
https://inventory-dmg.assets-cdk.com/efc/LEX/1006251/1003307/exterior/1/3256_2936_JPG/7a25bc3.jpg,s
https://inventory-dmg.assets-cdk.com/9/7/7/19659040779.jpg,c
https://inventory-dmg.assets-cdk.com/3/5/2/19557613253.jpg,c
https://inventory-dmg.assets-cdk.com/0/6/6/18750833660.jpg,c
https://inventory-dmg.assets-cdk.com/2/3/7/19147831732.jpg,c
https://inventory-dmg.assets-cdk.com/efc/LEX/1006251/1003303/Exterior/1/3256_2936_JPG/1a07e89.jpg,s
https://inventory-dmg.assets-cdk.com/efc/LEX/1006251/1003307/exterior/1/3256_2936_JPG/d711bb7.jpg,s
https://inventory-dmg.assets-cdk.com/9/8/7/19070655789.jpg,c
https://inventory-dmg.assets-cdk.com/5/3/5/19179110535.jpg,c
https://pictures.dealer.com/h/hallnissanvirginiabeach/0957/167dc481f0a9bffbbe6017ff1ab5290ex.jpg,c
https://pictures.dealer.com/h/hallnissanvirginiabeach/1481/6193d4fb24bcebb1558b1bdb859eea68x.jpg,c
https://pictures.dealer.com/h/hallchryslerjeepcllc/1541/6b476075319f94d000c843f5ed485820x.jpg,s
https://pictures.dealer.com/h/hallchryslerjeepcllc/0071/ba2fc5772e5d583608fe76c6e76b0ac9x.jpg,s
https://pictures.dealer.com/h/hallhyundaichesapeake/0749/d835705b8eabeb997f1ce5f68dea041ax.jpg,c
https://pictures.dealer.com/h/hallhondavirginiabeach/0650/21fefbe6e5cfdb0df9c7d0bdfaf1a25bx.jpg,c
https://pictures.dealer.com/h/hallchevroletchesapeake/1582/e7f06fc55455555c5cd2153f7f519851x.jpg,c
https://pictures.dealer.com/h/hallelizabethcityfordfd/1151/3b7264fd0ee028d5696687764347f0a9x.jpg,c
https://dig-asset-handler.pse.dealer.com/forddig/Lincoln/Nautilus/2019/HD-TILE/Image[|Lincoln|Nautilus|2019|1|1.|100A.J6J..UM..88V.SYC.64B.999.LST.FWD.448.TEL.89E.68R.61B.76L.58S.]/EXT/1/vehicle.png,s
https://pictures.dealer.com/h/hallchevroletchesapeake/1912/1396a355466e50140656722c56685623x.jpg,c
https://pictures.dealer.com/h/hallchevroletchesapeake/0528/1c108b0ab2504c1eb68394eadd096105x.jpg,c
https://pictures.dealer.com/h/hallacuravirginiabeachadw/1061/6ab3913224b20edd87233ea19c6602eax.jpg,c
https://pictures.dealer.com/h/hallchryslerjeepcllc/1993/71043e91211be0ad5872b70fe23e932ax.jpg,c
https://pictures.dealer.com/h/hallelizabethcityfordfd/1371/5ae6e67bc6f1dbe065cfa12b336170e4x.jpg,c
https://pictures.dealer.com/h/hallchryslerjeepcllc/1714/f80ba04f5af43319d90b397f4dabcd16x.jpg,c
https://pictures.dealer.com/h/hallfordfd/0040/6f866c8b5fbb4a5d6521f500ed0aa9b2x.jpg,c
https://pictures.dealer.com/h/hallhondavirginiabeach/1334/bc6b9dd73fd1e6514850dbd9c161ecc0x.jpg,c
https://pictures.dealer.com/h/hallhondaelizabethcity/0174/a0d850fdfc4f82be3414a11a11e603f3x.jpg,c
https://pictures.dealer.com/h/hallhondavirginiabeach/1713/1c9754ad7983fb685794f691271bde98x.jpg,c
https://pictures.dealer.com/h/hallhyundainewportnews/0905/f769254d9dd29ba263e885663ced8a9ex.jpg,c
https://pictures.dealer.com/h/hallnissanchesapeake/1175/80c499cf48e5763f14fa4c17ec7cb9afx.jpg,s
https://pictures.dealer.com/h/hallchryslerjeepcllc/0977/625ff6119a63a5e273e4797511f07bf6x.jpg,c
https://pictures.dealer.com/h/hallchryslerjeepcllc/1269/49b8653638adfe89bdab116737d2d1fax.jpg,c
https://pictures.dealer.com/h/hallnissanchesapeake/0128/cea4cc30ffd142d336ef04bcf5dac5e8x.jpg,c
https://pictures.dealer.com/h/hallacuravirginiabeachadw/1949/9410c18a3c1120e9cd20888e2570be59x.jpg,c
https://pictures.dealer.com/h/hallnissanchesapeake/1636/3935561fa150531b6b42c60adf1267e4x.jpg,c
https://pictures.dealer.com/h/hallelizabethcityfordfd/0246/195ee96843b9f9ca52b03cba5aafb000x.jpg,c
https://pictures.dealer.com/h/hallfordfd/1060/ee172031e0a1e217bed61a2e35a2a8a0x.jpg,s
https://pictures.dealer.com/h/hallnissanvirginiabeach/0755/ce2e2f8ca0b657782483014bdc19797fx.jpg,c
https://pictures.dealer.com/h/hallhondavirginiabeach/1736/0b4a97426120a540c6d628f30569902ex.jpg,c
https://pictures.dealer.com/h/hallhondavirginiabeach/0598/017786c3239d519274f207701f3bd07bx.jpg,c
https://pictures.dealer.com/h/hallmazda/0182/f2f02bf30a2822d7b0b17f11c7016902x.jpg,c
https://pictures.dealer.com/h/hallhondavirginiabeach/0940/80c499cf48e5763f14fa4c17ec7cb9afx.jpg,s
https://pictures.dealer.com/h/hallmazda/1529/6739d693c264512f94fa14f9306d719cx.jpg,c
https://pictures.dealer.com/h/hallelizabethcityfordfd/0859/8c54418432ed20f8a5f5e3b8bbdfbd32x.jpg,c
https://pictures.dealer.com/h/hallhondavirginiabeach/0528/0a89577ce2a5e14490beba0fe7554b8dx.jpg,c
https://pictures.dealer.com/h/hallacuranewportnewsadw/0441/353a320aa25482528f32fcd746bf3b36x.jpg,c
https://pictures.dealer.com/h/hallacuranewportnewsadw/0782/acb0c8a0f1030b85c51d7b862e530fa2x.jpg,c
https://pictures.dealer.com/h/hallchryslerjeepcllc/0201/80c499cf48e5763f14fa4c17ec7cb9afx.jpg,s
https://pictures.dealer.com/h/hallhyundaielizabethcity/1634/80c499cf48e5763f14fa4c17ec7cb9afx.jpg,s
https://pictures.dealer.com/h/hallhyundainewportnews/1113/9bac725afa2f71cfa3029257ce5d1d41x.jpg,c
https://pictures.dealer.com/h/hallfordfd/0705/d2383da41fcc71b26354da09a1d220fbx.jpg,c
https://pictures.dealer.com/h/hallchryslerjeepcllc/0201/80c499cf48e5763f14fa4c17ec7cb9afx.jpg,s
https://pictures.dealer.com/h/hallhyundainewportnews/0065/2854f02c0b45559b1d6b548c9f5c6c65x.jpg,c
https://pictures.dealer.com/h/hallhyundaichesapeake/1634/774e993dc523321d3109ad24b339ed4dx.jpg,c
https://pictures.dealer.com/h/hallchryslerjeepcllc/0648/c0a735b13f31b57aef2e9574a7646606x.jpg,c
https://pictures.dealer.com/h/hallchevroletchesapeake/0802/7c780b8f777e0bcabe3669a4f064ae63x.jpg,c
https://pictures.dealer.com/h/hallnissanvirginiabeach/0366/8da01927a5de7069b7878a329e610fa0x.jpg,c
https://pictures.dealer.com/h/hallhondavirginiabeach/1586/1315f08ff0bf8a0f2f0679d1df4c7ed9x.jpg,c
https://pictures.dealer.com/h/hallelizabethcityfordfd/0150/c79ff28a6d002f4166bb12ef146dfab8x.jpg,c
https://pictures.dealer.com/h/hallacuravirginiabeachadw/0282/c335c54a583ade509f5e3a6094a78ca4x.jpg,c
https://pictures.dealer.com/h/hallhyundainewportnews/1742/937b645d307c55678d6fcebbea03ea04x.jpg,c
https://pictures.dealer.com/h/hallcdjramcllc/0887/1c9503991720b66ba2c9e382b1a27169x.jpg,c
https://pictures.dealer.com/h/hallfordfd/0788/392cf35b3f1b8b9489db27e059f61d77x.jpg,c
https://pictures.dealer.com/h/hallacuravirginiabeachadw/0972/80c499cf48e5763f14fa4c17ec7cb9afx.jpg,s
https://pictures.dealer.com/h/hallfordfd/0211/1f4b458772cc7016d1b036f8918862a0x.jpg,c
https://pictures.dealer.com/h/hallelizabethcityfordfd/0266/05e8d538dafe780e7092af44c111f5c7x.jpg,c
https://pictures.dealer.com/h/hallhondavirginiabeach/1991/1c9f7ae6026bb1d0dce3a5f9d87f5f34x.jpg,c
https://pictures.dealer.com/h/hallacuravirginiabeachadw/0442/4f90e684c744df804865ed1c2bda35abx.jpg,c
https://pictures.dealer.com/h/hallhondavirginiabeach/0339/e870c184511a5f90cc72db8e9c93a12fx.jpg,c
https://pictures.dealer.com/h/hallnissanvirginiabeach/1964/80c499cf48e5763f14fa4c17ec7cb9afx.jpg,s
https://pictures.dealer.com/h/hallchevroletchesapeake/1380/d5f55e815685510ac089029481f922fex.jpg,c
https://pictures.dealer.com/h/hallelizabethcityfordfd/0297/da8077a372c4dc88d23ceb7458088feex.jpg,c
https://pictures.dealer.com/h/hallnissanvirginiabeach/1354/1c70cd9a32780527bdb6912896b5d2b0x.jpg,c
https://pictures.dealer.com/h/hallhondavirginiabeach/0080/1c5826c38f07bc3bea5f1b51b3004d97x.jpg,c
https://pictures.dealer.com/h/hallhyundaichesapeake/0762/685efe8bc733e3ee77366e9287b2350dx.jpg,c
https://pictures.dealer.com/h/hallchryslerjeepcllc/1581/cb0f755463e6ecbaa906f3f760050812x.jpg,s
https://pictures.dealer.com/h/hallacuravirginiabeachadw/0245/b7ec613ef95eb24c35230fbbe46c88cbx.jpg,c
https://pictures.dealer.com/h/hallnissanchesapeake/1175/80c499cf48e5763f14fa4c17ec7cb9afx.jpg,s
https://pictures.dealer.com/h/hallchryslerjeepcllc/0464/cb00d9da1206b805afbcd2d871150613x.jpg,c
https://pictures.dealer.com/h/halllincolnfd/1058/bd578d5e956a79471b00c058d8c8dd05x.jpg,c
https://pictures.dealer.com/h/hallelizabethcityfordfd/1592/eb0a04259963521a5708798f4a6e899ax.jpg,c
https://pictures.dealer.com/h/hallmazda/1520/a26f5cdbeec10d89f43d6e5c0f4c7f22x.jpg,c
https://pictures.dealer.com/h/hallhondavirginiabeach/1331/0f6d2dbd5d45e59e9dfce100d48c1ad5x.jpg,c
https://pictures.dealer.com/h/hallnissanvirginiabeach/0172/a3a3f89b7d894f9a4471febab70a87c2x.jpg,c
https://pictures.dealer.com/h/hallhyundaichesapeake/1335/0c596f3609746cc9fe9f1ee0bb46bc9ax.jpg,c
https://pictures.dealer.com/h/hallhondavirginiabeach/1238/f81c2e71511a96ea86c3775c0f8541dbx.jpg,c
https://pictures.dealer.com/h/hallchevroletchesapeake/0386/03577d1c78bf088b9c6204dc7de87964x.jpg,c
https://pictures.dealer.com/h/hallfordfd/0312/60170ca74186271bc5274ec5248ccbb5x.jpg,c
https://pictures.dealer.com/h/hallhondaelizabethcity/1099/c570b485f0bf6a2df0767c2ee5661b84x.jpg,c
https://pictures.dealer.com/h/hallchryslerjeepcllc/1653/dd27881d5e89c757de5118f32f4adeb0x.jpg,c
https://pictures.dealer.com/h/hallfordfd/1029/ebb6712e1e7686ffc76bb9a751e25ad1x.jpg,c
https://pictures.dealer.com/h/hallhyundainewportnews/1230/04f4f729edcc6bc9606f312edd54b3b2x.jpg,c
https://pictures.dealer.com/h/hallhondaelizabethcity/1230/1b6b093cff481ec7dda43b5f465c1a7cx.jpg,c
https://pictures.dealer.com/h/hallhyundainewportnews/1529/0af6555eddede8f65f18c8c8f59355e3x.jpg,c
https://pictures.dealer.com/h/hallhondavirginiabeach/0940/80c499cf48e5763f14fa4c17ec7cb9afx.jpg,s
https://pictures.dealer.com/h/hallfordfd/1995/5a6e85174316000ca49359df0069bfc2x.jpg,c
https://pictures.dealer.com/h/hallchryslerjeepcllc/1302/dba0a56bc20cd9456772845cdf979b78x.jpg,c
https://pictures.dealer.com/h/hallnissanchesapeake/1337/81278181ffed0f5eb4ba3ffa7ec6f752x.jpg,c
https://pictures.dealer.com/h/hallhondavirginiabeach/1557/a99d627be08cd7661cf7a506f07d9448x.jpg,c
https://pictures.dealer.com/h/hallcdjramcllc/1503/39142b46d8c3404a69e00dae15a0276ax.jpg,c
https://pictures.dealer.com/h/hallchevroletchesapeake/1595/ec42456c65904e07728c281bc345a380x.jpg,c
https://pictures.dealer.com/h/hallhyundainewportnews/1135/76e4664ec81d12912fdca26e383ef3b7x.jpg,c
https://pictures.dealer.com/h/hallhyundainewportnews/1426/20faa9a457e945fcecc820486fa3f9ddx.jpg,c
https://pictures.dealer.com/h/hallhondavirginiabeach/1186/b24cf225b14e8fb5cda4384a67dcd54ax.jpg,c
https://pictures.dealer.com/h/hallhyundaichesapeake/0139/5bc0408e0c5bbb9b4c9a3f38141b5b0fx.jpg,c
https://pictures.dealer.com/h/hallhondavirginiabeach/0042/fd22a0c2c7460130ffdc181fa92ba716x.jpg,c
https://pictures.dealer.com/h/hallelizabethcityfordfd/0108/e3e9aabd6faa663ddab9c6df22068318x.jpg,c
https://pictures.dealer.com/h/hallchryslerjeepcllc/1190/9d61cfaa2562a5651438605649cf7e96x.jpg,c
https://images.dealer.com/ddc/vehicles/2019/Mazda/CX-5/SUV/trim_Grand_Touring_8f1f2c/color/Machine%20Gray%20Metallic-46G-56%2C53%2C58-640-en_US.jpg,s
https://pictures.dealer.com/h/hallchevroletchesapeake/1468/fe6db9a55ed4e41900e80e475e92d394x.jpg,c
https://pictures.dealer.com/h/hallchryslerjeepcllc/1171/fd2b8ee8110b387ad99f915bd5475e23x.jpg,c
https://pictures.dealer.com/h/hallchryslerjeepcllc/1638/772c93be28944e82980686e00973a457x.jpg,c
https://pictures.dealer.com/h/hallcdjramcllc/1352/6100f9930e25c86fa820bd06149b401ex.jpg,c
https://pictures.dealer.com/h/hallchryslerjeepcllc/1500/bdca88bb6d83562f8bdbba017af5fd9ax.jpg,c
https://pictures.dealer.com/h/hallacuravirginiabeachadw/0533/a5400748e272ca3dfc8ab17da6e701eax.jpg,c
https://pictures.dealer.com/h/hallcdjramcllc/0370/e9621f1b24dfbdb50d02eefcf96d8f3ax.jpg,c
https://pictures.dealer.com/h/hallchevroletchesapeake/0657/ba593984231abcfc58443c1b2b7914a3x.jpg,c
https://pictures.dealer.com/h/hallnissanvirginiabeach/0891/566126442cb56ba5d21b0def311d1570x.jpg,c
https://pictures.dealer.com/h/hallnissanchesapeake/1605/420fffdde2cfbca02ef068bc91e3b018x.jpg,c
https://pictures.dealer.com/h/hallfordfd/1965/a189f4e37eb862e6c4715a62cf83a5c7x.jpg,c
https://images.dealer.com/ddc/vehicles/2019/Mazda/CX-5/SUV/trim_Grand_Touring_548fc2/color/Jet%20Black%20Mica-41W-16%2C16%2C15-640-en_US.jpg,s
https://pictures.dealer.com/h/hallfordfd/0767/78fc5bbfb18c36d6ca62b8b9225ad8c1x.jpg,c
https://pictures.dealer.com/h/hallhyundainewportnews/0854/36bb37dc9c1d404ef157873c772d1147x.jpg,c
https://pictures.dealer.com/h/hallfordfd/0055/0fb1f23917ce66eec85036fea9593bfbx.jpg,c
https://pictures.dealer.com/h/hallhondavirginiabeach/1414/550ea9eadfc90e8cde425a709e558e25x.jpg,c
https://pictures.dealer.com/h/hallfordfd/1149/12f41f16d00c666b314619d3bee81f26x.jpg,c
https://pictures.dealer.com/h/hallchryslerjeepcllc/0697/c18161fac3da0da523ebd98fc3c5c649x.jpg,c
https://pictures.dealer.com/h/hallmazda/0428/0d715b34ee7afa7a899fc739d9f391a4x.jpg,c
https://pictures.dealer.com/h/hallhyundainewportnews/0930/cd712f0c27837ace6c6150a426879447x.jpg,c
https://pictures.dealer.com/h/hallfordfd/0670/547abfd0e92b47d64f8fd9b9c492883bx.jpg,c
https://pictures.dealer.com/h/hallhondavirginiabeach/0297/a7348047f82cec34381b1d8fd4464245x.jpg,c
https://pictures.dealer.com/h/hallelizabethcityfordfd/1654/e2a2e76dda9409aa356b8d8a577d921ex.jpg,c
https://pictures.dealer.com/h/hallchryslerjeepcllc/0548/fd8e193016c392b77661e9c71664dd45x.jpg,s
https://pictures.dealer.com/h/hallhondavirginiabeach/0940/80c499cf48e5763f14fa4c17ec7cb9afx.jpg,s
https://pictures.dealer.com/h/hallhondavirginiabeach/0348/5a85b722bbfd3896630ba771c3011ef2x.jpg,c
https://pictures.dealer.com/h/hallfordfd/0240/06ab68e560b611a62cd03a025c95a523x.jpg,c
https://pictures.dealer.com/h/hallacuravirginiabeachadw/1276/17a9797198103c050a98887e84c7f714x.jpg,c
https://pictures.dealer.com/h/hallchevroletchesapeake/0282/70fefca17848f1e08f8ca62e77230840x.jpg,c
https://pictures.dealer.com/h/hallacuranewportnewsadw/0739/f08edd7ff695690c4bd05b6e2576dafax.jpg,c
https://pictures.dealer.com/h/hallacuravirginiabeachadw/1689/40a6373b136e534d21197df3e84ec0ccx.jpg,c
https://pictures.dealer.com/h/hallnissanvirginiabeach/1964/80c499cf48e5763f14fa4c17ec7cb9afx.jpg,s
https://pictures.dealer.com/h/hallhondavirginiabeach/1456/b2fe69e7d3f291c324ee5182e71274e9x.jpg,c
https://pictures.dealer.com/h/hallfordfd/0400/2976fa8dbcc5f22ecff7f4aa21689591x.jpg,c
https://pictures.dealer.com/h/hallchryslerjeepcllc/0917/aa8646e97acb4538740347395c58cfd8x.jpg,c
https://pictures.dealer.com/h/hallfordfd/1984/aaa49f25c462edf8ece32cef3eb8ffc9x.jpg,c
https://pictures.dealer.com/h/hallchryslerjeepcllc/1494/ef52f9bbe6c8638f16a0d44d93382923x.jpg,c
https://pictures.dealer.com/h/hallfordfd/0227/e7937f2eb4ad9a78552bb11949eeba68x.jpg,c
https://pictures.dealer.com/h/hallhondavirginiabeach/1335/302f624a057cf55e3e6bc560819133c3x.jpg,c
https://pictures.dealer.com/h/hallhondavirginiabeach/1438/58bcec32ac758d513e8da555402e46ebx.jpg,c
https://pictures.dealer.com/h/hallfordfd/0998/548393ce4856856df0f2df3d746c826bx.jpg,c
https://pictures.dealer.com/h/hallchryslerjeepcllc/0355/8ca9dc5d327a64946962933e9e8f3398x.jpg,c
https://pictures.dealer.com/h/hallchryslerjeepcllc/1019/d84463883afd991886cead51e90ffb8cx.jpg,c
https://pictures.dealer.com/h/hallhyundainewportnews/0923/5315d443e789093d0c81bb41afe19cf6x.jpg,c
https://pictures.dealer.com/h/hallchevroletchesapeake/0237/8bd04e1ab6ea562215ca2aa7809b1484x.jpg,c
https://pictures.dealer.com/h/hallhyundainewportnews/1050/37145e724ef836441fb8f15e5f5ab272x.jpg,c
https://pictures.dealer.com/h/hallcdjramcllc/1837/368977babaf1277a72e608bbcbec2e73x.jpg,c
https://pictures.dealer.com/h/hallfordfd/1625/5deb8b673c621b910f5dd1e8876219bcx.jpg,c
https://pictures.dealer.com/h/hallhyundaichesapeake/0723/b7e6939d40bad43501f722f3295973c9x.jpg,c
https://pictures.dealer.com/h/hallchevroletchesapeake/0654/2b951da38f2776dd4104a500f9f6b10fx.jpg,c
https://pictures.dealer.com/h/halllincolnfd/1433/566a1a615a4b69d616a9e0a0ed63802ex.jpg,c
https://pictures.dealer.com/h/halllincolnfd/1979/ee172031e0a1e217bed61a2e35a2a8a0x.jpg,s
https://pictures.dealer.com/h/hallelizabethcityfordfd/1920/e3d78f9f73b41316ee2150316e6e577bx.jpg,c
https://pictures.dealer.com/h/hallchryslerjeepcllc/0168/427cd3a1482dc3ee50364fdee5bcb9a1x.jpg,c
https://pictures.dealer.com/h/hallchryslerjeepcllc/0499/ce48fc16ecefaf0a1d281e755c3b0af1x.jpg,c
https://pictures.dealer.com/h/hallelizabethcityfordfd/0908/2d0cc8360bd6f968eb32f4ec2c8aedb4x.jpg,c
https://pictures.dealer.com/h/hallhyundainewportnews/0090/3d7f484c5fe7973be26ab572a6b9402ax.jpg,c
https://pictures.dealer.com/h/hallelizabethcityfordfd/1125/e55277f0b854be1940bd79f5c86ca519x.jpg,c
https://pictures.dealer.com/h/hallchryslerjeepcllc/0911/9ed9c3050edd913b910de9e555965995x.jpg,c
https://pictures.dealer.com/h/hallhondavirginiabeach/1111/d2efd398300f6ef8c1019c20e45bf7f6x.jpg,c
https://pictures.dealer.com/h/hallhyundaichesapeake/1666/f134076a30f07fc338f4e1a1acfd0f5ex.jpg,c
https://pictures.dealer.com/h/hallchevroletchesapeake/1600/a0464d09d444bde95526fa942d008c81x.jpg,c
https://images.dealer.com/ddc/vehicles/2019/Mazda/Mazda6/Sedan/trim_Touring_63605d/color/Deep%20Crystal%20Blue-42M-11%2C33%2C43-640-en_US.jpg,s
https://pictures.dealer.com/h/hallfordfd/0122/07a451a6dbfc0eb722e801a3f0036370x.jpg,c
https://pictures.dealer.com/h/hallacuravirginiabeachadw/1146/f7e5cb457a285bcd538cdbc8da87f27fx.jpg,c
https://pictures.dealer.com/h/hallchevroletchesapeake/1271/fe9cccde697d0fe68eab0476cc68374ex.jpg,c
https://pictures.dealer.com/h/hallnissanchesapeake/0383/4e5229f84fdb4ddad352c4eafb127770x.jpg,c
https://pictures.dealer.com/h/hallelizabethcityfordfd/0231/82b6aaf48c1e77fb0ad7b1391ba3e2bbx.jpg,c
https://pictures.dealer.com/h/hallhondavirginiabeach/0954/8e98dfbebb27486f06cf1e6a0732563ex.jpg,c
https://pictures.dealer.com/h/hallmazda/1454/c0ff474314a2045fd6b161a8d6d6e0e8x.jpg,c
https://pictures.dealer.com/h/hallcdjramcllc/0807/632c511618297a94f88d246d2cd3c55bx.jpg,c
https://pictures.dealer.com/h/hallhondavirginiabeach/0536/afd54d8d33d8cce602e1d69bd7510a16x.jpg,c
https://pictures.dealer.com/h/hallchevroletchesapeake/0591/f2bb7c2a334142c6f2ab5d67b958d102x.jpg,c
https://images.dealer.com/ddc/vehicles/2019/Mazda/CX-5/SUV/trim_Grand_Touring_8f1f2c/color/Deep%20Crystal%20Blue%20Mica-42M-11%2C33%2C43-640-en_US.jpg,s
https://pictures.dealer.com/h/halllincolnfd/0693/df6045a48757eee134692fc40fd04610x.jpg,c
https://pictures.dealer.com/h/hallchevroletchesapeake/0974/27187a0b772302ab61325471f2a35e6fx.jpg,c
https://pictures.dealer.com/h/hallchryslerjeepcllc/0201/80c499cf48e5763f14fa4c17ec7cb9afx.jpg,s
https://pictures.dealer.com/h/hallnissanchesapeake/0337/2b4e92c92748a2ec0c9afac65b593044x.jpg,c
https://pictures.dealer.com/h/hallnissanvirginiabeach/1175/b5a6211f44f6d3da89199765928ec913x.jpg,c
https://pictures.dealer.com/h/hallacuranewportnewsadw/0589/ff7178935eae2f41278aab74c48c7630x.jpg,c
https://pictures.dealer.com/h/hallelizabethcityfordfd/1489/a80f1b9b1627239a8f22cf2ecf7235d8x.jpg,c
https://pictures.dealer.com/h/hallmazda/0040/d3dc1ab7dcb5f4242a53fc12761e0a46x.jpg,c
https://pictures.dealer.com/h/hallchevroletchesapeake/1045/5eb0eb8594b1d0add610b57c7b2b812ex.jpg,c
https://pictures.dealer.com/h/hallchryslerjeepcllc/0201/80c499cf48e5763f14fa4c17ec7cb9afx.jpg,s
https://pictures.dealer.com/h/hallnissanvirginiabeach/0474/2a42365fecef585acb9cfd52a961df0dx.jpg,c
https://pictures.dealer.com/h/hallnissanchesapeake/1172/85bdf7be4e87cb3a27ccef53a6e2b2acx.jpg,c
https://pictures.dealer.com/h/hallhondavirginiabeach/0593/89cd2ac330a7d656236540067d61e5fex.jpg,c
https://pictures.dealer.com/h/hallnissanchesapeake/1042/f19790597c8d9028ad959332f2ede693x.jpg,c
https://pictures.dealer.com/h/hallhondavirginiabeach/1142/0c19e623294f0003afbce0dd92244bdfx.jpg,c
https://pictures.dealer.com/h/hallhyundainewportnews/1450/80c499cf48e5763f14fa4c17ec7cb9afx.jpg,s
https://pictures.dealer.com/h/hallchevroletchesapeake/0559/2864aca7d63677472361dffb43c2cd2ax.jpg,c
https://pictures.dealer.com/h/hallchevroletchesapeake/1286/9287fb9f85c191628149a928e8dd117bx.jpg,c
https://pictures.dealer.com/h/hallchryslerjeepcllc/0707/cfd01d0dedc61c2047ef0ee0b30dbe0dx.jpg,c
https://pictures.dealer.com/h/hallchryslerjeepcllc/1909/304a406bcab98352d5ec145c795b0824x.jpg,c
https://pictures.dealer.com/h/hallchryslerjeepcllc/1050/dbaccb19d26b6fe47c637667e14ef4d4x.jpg,c
https://pictures.dealer.com/h/hallhondavirginiabeach/0838/26b347373c58322a9116df0b74eeb6dcx.jpg,c
https://pictures.dealer.com/h/hallhyundainewportnews/0226/850657d34076f007245a25eddf961b80x.jpg,c
https://pictures.dealer.com/h/hallhondavirginiabeach/0606/23fbf76345b86cbf89b894f69815d649x.jpg,c
https://pictures.dealer.com/h/hallhyundainewportnews/1221/0456935b7df85b392be426bc83206d2cx.jpg,c
https://images.dealer.com/ddc/vehicles/2019/Mazda/CX-5/SUV/trim_Sport_acd942/color/Snowflake%20White%20Pearl%20Mica-25D-231%2C232%2C232-640-en_US.jpg,s
https://pictures.dealer.com/h/hallhondavirginiabeach/1616/4d017b27fd6fed6b7951881f290ec725x.jpg,c
https://pictures.dealer.com/h/hallhyundainewportnews/1450/80c499cf48e5763f14fa4c17ec7cb9afx.jpg,s
https://pictures.dealer.com/h/hallchryslerjeepcllc/0190/442aea94e4be21ceff6a2e904a93ca7dx.jpg,c
https://pictures.dealer.com/h/hallmazda/0219/e59f7998a7e0fd759f585e9bdd119925x.jpg,c
https://pictures.dealer.com/h/hallhondavirginiabeach/1477/2d5fc8b84f9194975b8583effc617200x.jpg,c
https://pictures.dealer.com/h/hallchryslerjeepcllc/0073/14a413bfd72d8066e2a00c3e841d15edx.jpg,c
https://pictures.dealer.com/h/hallchryslerjeepcllc/0943/220a14e3921a03a2b3cb9b090431bc4bx.jpg,c
https://pictures.dealer.com/h/hallelizabethcityfordfd/1046/80c499cf48e5763f14fa4c17ec7cb9afx.jpg,s
https://pictures.dealer.com/h/hallhondavirginiabeach/0940/80c499cf48e5763f14fa4c17ec7cb9afx.jpg,s
https://pictures.dealer.com/h/hallhondaelizabethcity/1169/88e22bd9cb9240af0ea4f7aa87b0e5afx.jpg,c
https://pictures.dealer.com/h/hallhondavirginiabeach/1560/8b3c3a2e02d2a22111cf38501579c4a8x.jpg,c
https://pictures.dealer.com/h/hallnissanvirginiabeach/1964/80c499cf48e5763f14fa4c17ec7cb9afx.jpg,s
https://pictures.dealer.com/h/hallchevroletchesapeake/1995/e8a1045e982f1c8398c887b4a920d169x.jpg,c
https://pictures.dealer.com/h/hallfordfd/0095/da7c55b2067cb53d97fbf997179ec3a7x.jpg,c
https://pictures.dealer.com/h/hallchryslerjeepcllc/0307/05dc92dc300a0aaff645c605568649bcx.jpg,c
https://pictures.dealer.com/h/hallfordfd/0517/b67ae40ab702a6c7f6558cfd0693be8fx.jpg,c
https://pictures.dealer.com/h/hallelizabethcityfordfd/1046/80c499cf48e5763f14fa4c17ec7cb9afx.jpg,s
https://pictures.dealer.com/h/hallchevroletchesapeake/1825/80c499cf48e5763f14fa4c17ec7cb9afx.jpg,s
https://pictures.dealer.com/h/hallnissanvirginiabeach/1964/80c499cf48e5763f14fa4c17ec7cb9afx.jpg,s
https://pictures.dealer.com/h/hallnissanvirginiabeach/1037/3972fda1cd4aa608ba9544ca5225910ax.jpg,c
https://pictures.dealer.com/h/hallchryslerjeepcllc/0532/6301edb837fa4340d37409d6da56495dx.jpg,s
https://pictures.dealer.com/h/hallfordfd/1834/078c6a31ec85a19a3b651a01cea073cex.jpg,c
https://pictures.dealer.com/h/hallfordfd/0577/f5440645d2358cb03f0376555b574fdax.jpg,c
https://pictures.dealer.com/h/hallfordfd/0926/09520d73df63135d4a75a11989577868x.jpg,c
https://pictures.dealer.com/h/hallchryslerjeepcllc/0696/1826d747aa81495f3a3530633f7438e0x.jpg,c
https://pictures.dealer.com/h/hallhyundainewportnews/1450/80c499cf48e5763f14fa4c17ec7cb9afx.jpg,s
https://pictures.dealer.com/h/hallhondaelizabethcity/0829/def82a215a0e4afbdb5f0147dc3e5767x.jpg,c
https://pictures.dealer.com/h/hallhondavirginiabeach/1578/f9e681664c77e036b880a9af3a074c6bx.jpg,c
https://pictures.dealer.com/h/hallcdjramcllc/0147/36c6f2812c603bf9ecf3136534d7d735x.jpg,c
https://pictures.dealer.com/h/hallchevroletchesapeake/1227/8ea15eb86d1bd39fd80125475651945ex.jpg,c
https://pictures.dealer.com/h/hallnissanchesapeake/0484/48aed5eb77a6e6d10c5cd211dadaab6ex.jpg,c
https://pictures.dealer.com/h/hallcdjramcllc/1118/4b9b940949ab279f2f1bd821e3c9064dx.jpg,c
https://pictures.dealer.com/h/hallnissanvirginiabeach/0061/ea3c2de34e2c540fe3bb3742c3a96c05x.jpg,c
https://pictures.dealer.com/h/hallhyundaielizabethcity/0083/db0b692d898ca1df0e0d11f9029064e4x.jpg,c
https://pictures.dealer.com/h/hallhondavirginiabeach/1318/e0ba020756d755d483103de418d721b6x.jpg,c
https://pictures.dealer.com/h/hallhondavirginiabeach/1894/a1c4b006808e5de136a4f8f1c27eea4fx.jpg,c
https://pictures.dealer.com/h/hallhondavirginiabeach/1637/589293627e641ba5f6a0df9266a51b51x.jpg,c
https://pictures.dealer.com/h/hallchryslerjeepcllc/1844/8fedb894d1242aacaeef723eb4a32fd8x.jpg,c
https://pictures.dealer.com/h/hallhyundaichesapeake/0553/7efaa3ad98d7763f99f52fac0b710562x.jpg,c
https://pictures.dealer.com/h/hallnissanchesapeake/1175/80c499cf48e5763f14fa4c17ec7cb9afx.jpg,s
https://pictures.dealer.com/h/hallacuranewportnewsadw/0279/01768041d3d5692a7b5c67be3a86a884x.jpg,c
https://pictures.dealer.com/h/hallacuravirginiabeachadw/0736/d0fe10cbd78ebefa7f39d50191d6a0c8x.jpg,c
https://pictures.dealer.com/h/hallfordfd/1152/4852a049f9dd806355d3389fb4baa5a7x.jpg,c
https://pictures.dealer.com/h/hallhyundainewportnews/0595/112728b04e28e094d8ccdff696b30a5dx.jpg,c
https://pictures.dealer.com/h/hallnissanvirginiabeach/0875/0059a0dcd7031f77d3a9d15b56e96738x.jpg,c
https://pictures.dealer.com/h/hallhondavirginiabeach/1954/fc2c160619c88febbe0a6c9e55162a8ax.jpg,c
https://pictures.dealer.com/h/hallnissanvirginiabeach/1964/80c499cf48e5763f14fa4c17ec7cb9afx.jpg,s
https://pictures.dealer.com/h/halllincolnfd/1979/ee172031e0a1e217bed61a2e35a2a8a0x.jpg,s
https://pictures.dealer.com/h/hallelizabethcityfordfd/1978/af39ec3f09d104b32abd8695455bd760x.jpg,c
https://pictures.dealer.com/h/hallhondavirginiabeach/0773/d7d5c2727a9d061337c18b0746d2c766x.jpg,c
https://pictures.dealer.com/h/hallchryslerjeepcllc/0126/0d652af1e1d507a8ebc3a1fd35c0a65fx.jpg,s
https://pictures.dealer.com/h/hallhondavirginiabeach/1852/a3f58eb7e904993fda27be3ba9ffd23ax.jpg,c
https://pictures.dealer.com/h/hallchryslerjeepcllc/1771/69c9f7b7ffb0c44056f4e33320cc2991x.jpg,c
https://pictures.dealer.com/h/hallfordfd/0791/f52416498b9987ac75faaec4e514ad2dx.jpg,c
https://pictures.dealer.com/h/hallhondaelizabethcity/0120/80c499cf48e5763f14fa4c17ec7cb9afx.jpg,s
https://pictures.dealer.com/h/hallnissanchesapeake/1175/80c499cf48e5763f14fa4c17ec7cb9afx.jpg,s
https://pictures.dealer.com/h/hallelizabethcityfordfd/0894/826a210958bf2fd9ec256e0a057feb84x.jpg,c
https://pictures.dealer.com/h/hallnissanvirginiabeach/0398/5ba623d8dff02e1caadb40835285bc8fx.jpg,c
https://pictures.dealer.com/h/hallchryslerjeepcllc/0098/36bfc9f35486a43a4cdad5e333aba85bx.jpg,c
https://pictures.dealer.com/h/hallfordfd/0358/830df3b292d4550d0d3e01293d439a62x.jpg,c
https://pictures.dealer.com/h/hallnissanvirginiabeach/1020/26fb337df9df16aef8a822b65a1a752dx.jpg,c
https://pictures.dealer.com/h/hallelizabethcityfordfd/0411/c256bac539e57db47fd828977e3cf714x.jpg,c
https://pictures.dealer.com/h/halllincolnfd/0804/3b3e861dd314097b868809ffbda0e0cfx.jpg,c
https://pictures.dealer.com/h/hallcdjramcllc/1699/b2a9aed0074b03898be9925026e15a17x.jpg,c
https://pictures.dealer.com/h/hallchryslerjeepcllc/1036/dda775b537dd953340c1422540cf5f84x.jpg,c
https://pictures.dealer.com/h/hallnissanchesapeake/1175/80c499cf48e5763f14fa4c17ec7cb9afx.jpg,s
https://pictures.dealer.com/h/hallnissanchesapeake/0399/2a1459f82e5684604f0783c1ef6f2e06x.jpg,c
https://pictures.dealer.com/h/hallhyundainewportnews/0609/87dad5773a5accddeb3268412581d8c7x.jpg,c
https://pictures.dealer.com/h/hallacuranewportnewsadw/0572/08b99f4ea3f7f673d66e698f694599bdx.jpg,c
https://pictures.dealer.com/h/hallhondavirginiabeach/1909/d10b29440a6b262791f79bcb18e3e932x.jpg,c
https://pictures.dealer.com/h/hallhyundaichesapeake/1653/a1041ccecc78b0c5d45f87e6fcde4ae9x.jpg,c
https://pictures.dealer.com/h/hallcdjramcllc/0199/fd2d592cf4a871c864189ace2e3137f1x.jpg,c
https://pictures.dealer.com/h/hallchryslerjeepcllc/0752/9269cd6efa3bfe8b29f871ca0ccaa577x.jpg,c
https://pictures.dealer.com/h/hallchevroletchesapeake/1041/1df1d6d533659859b1a6c07cf4964701x.jpg,c
https://pictures.dealer.com/h/hallnissanvirginiabeach/1964/80c499cf48e5763f14fa4c17ec7cb9afx.jpg,s
https://pictures.dealer.com/h/hallchryslerjeepcllc/0431/2bf5b2ee3b3c7237be83b8677dba169fx.jpg,c
https://pictures.dealer.com/h/hallhyundainewportnews/1602/7fd97e30d79444117bb59f9f0db87badx.jpg,c
https://pictures.dealer.com/h/hallnissanvirginiabeach/1964/80c499cf48e5763f14fa4c17ec7cb9afx.jpg,s
https://pictures.dealer.com/h/hallhondavirginiabeach/1959/7301a4c752a042fcfc2348d1766015c3x.jpg,c
https://pictures.dealer.com/h/hallfordfd/1060/ee172031e0a1e217bed61a2e35a2a8a0x.jpg,s
https://pictures.dealer.com/h/hallfordfd/1858/a1de4343ec4819240f580351d07c1d12x.jpg,c
https://pictures.dealer.com/h/hallchryslerjeepcllc/1777/22872b7a46001d3e12f4c9b3f6c719b0x.jpg,c
https://pictures.dealer.com/h/hallnissanvirginiabeach/1946/b57440315b2ab7ce78acf03d3f5fbb3dx.jpg,c
https://pictures.dealer.com/h/hallhondavirginiabeach/1694/022eba3398a3c863aa71e90af89163cfx.jpg,c
https://pictures.dealer.com/h/hallnissanvirginiabeach/1964/80c499cf48e5763f14fa4c17ec7cb9afx.jpg,s
https://pictures.dealer.com/h/hallhondavirginiabeach/1738/5006bc274accfac850fca40c1e57f92dx.jpg,c
https://pictures.dealer.com/h/hallelizabethcityfordfd/1924/f63b486aba2b614a12a972a1e96f5aa5x.jpg,c
https://pictures.dealer.com/h/hallcdjramcllc/0269/c8165aa17b10777e2552a0095d901956x.jpg,c
https://pictures.dealer.com/h/hallchevroletchesapeake/1392/b9936d8c97b24fd6ebeab3fa0ea6d91fx.jpg,c
https://pictures.dealer.com/h/hallfordfd/1456/0cafe0d2d1d0ebf979476cc685f6a756x.jpg,c
https://pictures.dealer.com/h/hallhondavirginiabeach/1962/912113eb5b37f17fb5c2faee74b53dc3x.jpg,c
https://pictures.dealer.com/h/hallmazda/1560/df8d78624c1319e3f791d11fc4f0cda4x.jpg,c
https://pictures.dealer.com/h/hallfordfd/0340/773bcfdfba8ef51d87765f468f543b8cx.jpg,c
https://pictures.dealer.com/h/hallhondaelizabethcity/0053/ae3029b52b9af06c997ff58f5ec8d48cx.jpg,c
https://pictures.dealer.com/h/hallhondavirginiabeach/0289/b5a25f2e8adaffdcfe83555b97a4439dx.jpg,c
https://pictures.dealer.com/h/hallnissanchesapeake/1175/80c499cf48e5763f14fa4c17ec7cb9afx.jpg,s
https://pictures.dealer.com/h/hallchevroletchesapeake/1494/88103c1b0d16f31dc26241965f93cc80x.jpg,c
https://pictures.dealer.com/h/hallchryslerjeepcllc/0004/6b41f76adb268fadbf3456737e4db47cx.jpg,c
https://pictures.dealer.com/h/hallhondaelizabethcity/1606/c559d29e3ca6306cf7eeb541a2e3988fx.jpg,c
https://pictures.dealer.com/h/hallchevroletchesapeake/1145/8a1fb53bbd833a79990b854f19d9dc03x.jpg,c
https://pictures.dealer.com/h/hallhondavirginiabeach/0279/30d47eda700ef1e96c6c7aae7a8e0812x.jpg,c
https://pictures.dealer.com/h/hallnissanvirginiabeach/1732/af7333553fd8a49036785e551acf5740x.jpg,c
https://pictures.dealer.com/h/hallnissanchesapeake/1741/b0d4cf3964a15d886ed70a5ed3d07d11x.jpg,c
https://pictures.dealer.com/h/hallhyundainewportnews/0782/6792bb7adc7eec02c86ce2bb0b9a94c0x.jpg,c
https://pictures.dealer.com/h/hallelizabethcityfordfd/1623/b26d925a6352f7d64a986543bfa7b922x.jpg,c
https://pictures.dealer.com/h/hallacuranewportnewsadw/1439/72e04e86223fa7d3a8f63d489de896a4x.jpg,c
https://pictures.dealer.com/h/hallacuravirginiabeachadw/1248/7fdc54e7e99d7fc46ca9a172ab6d7c62x.jpg,c